file,bytes,sha256
data/C1_Phenotype_Data_V2.csv,147543132,facb3bcbd07b881a76ac061f7a4e524e4eb7d04b387e9aa902472a5000e74b3a
data/C2_Phenotype_Data_V2.csv,148338818,f8fa198b154b346ed3de3e6573bccf48cb8be291a89bbf3ccc62de0ba405d519
data/ImputedPopulationsC1/C1.100_Imputed.csv,1413314,a232251451d39e84ff4e67076912b0c103133032c2578735772f545c30b6c66d
data/ImputedPopulationsC1/C1.101_Imputed.csv,1362707,117945557b0795a106a2e208f8e4d4ca273f3a11244c9a504151e041272f97f6
data/ImputedPopulationsC1/C1.102_Imputed.csv,1368358,5ae58f402d7a8ab7f071f727db0020fe8d6066cd9d93cc1fa6eae6b8cc0233f5
data/ImputedPopulationsC1/C1.103_Imputed.csv,1356324,b0c2f257d8ac651fa17edff2cb60a7d13b8b95c9d6dc7919cbc068fc34261c07
data/ImputedPopulationsC1/C1.104_Imputed.csv,1064508,b24b4b29b82a91040799e42108c834491130bdd252bf6319f468bb924cc53c93
data/ImputedPopulationsC1/C1.105_Imputed.csv,960143,bb80156c895c7ba5a7f7f74953f404f6f9e3bea36a218f44392cd7cee6f5785d
data/ImputedPopulationsC1/C1.106_Imputed.csv,1344487,61423a10e8a939d3070bc2962a70f5c54b0af268e2f145e6645d99c0f5d729b5
data/ImputedPopulationsC1/C1.107_Imputed.csv,2063990,7e3ba1bfc432b57e38f73b51fd8d5f5a00b28af8fdd8d0a7b9febd86c212d48b
data/ImputedPopulationsC1/C1.108_Imputed.csv,1364536,0a00243cfe5f638ea0db5ad2f031451a2f12e99bf325f025bfcdf64f78cde859
data/ImputedPopulationsC1/C1.109_Imputed.csv,1317275,2d3665e4cb7e3d448e15cb692135953c4fa3418f1940d66695d66387cb46d767
data/ImputedPopulationsC1/C1.10_Imputed.csv,1306520,3a2df88fadcad0d9afe7e1353ae8415aa7749ae58ab724ec6926b4d55573dce8
data/ImputedPopulationsC1/C1.110_Imputed.csv,1394709,1a3bb2a9b51f5eff3d9f87fd113a836b22a44a5793eade141ddde7d8563c0099
data/ImputedPopulationsC1/C1.111_Imputed.csv,1378209,0fd48d5a5e1299884a35453856bfaa1ae8654952fbd5e35ac7d5f952bd9683da
data/ImputedPopulationsC1/C1.112_Imputed.csv,1069603,c16d1f34fc7fde67cb476c85e45a9287716699533dcdfe05f4d9f725d490e7bb
data/ImputedPopulationsC1/C1.113_Imputed.csv,1386677,5a7ce2ce044b6e0b2a7ec515a83e24b9c6f75a5bde493aa84640161417fb9186
data/ImputedPopulationsC1/C1.114_Imputed.csv,1340295,61bc48fcf11fd5c8a604d37ce85904ed560af93b41156afeee4e0c71d4d0880f
data/ImputedPopulationsC1/C1.115_Imputed.csv,1382179,e4d3db341f259f25d5ab4827f0173a120377953699edd70aa2436c7db05584fe
data/ImputedPopulationsC1/C1.116_Imputed.csv,1406018,5be521b7468cda02fbbacc1791fecafd4fc96183cb13874cef6b62f0690578ea
data/ImputedPopulationsC1/C1.117_Imputed.csv,1390130,9e7c4657526aa74375e8abe256e2a791a00710072b0978d4a5ddb3a6327a185d
data/ImputedPopulationsC1/C1.118_Imputed.csv,1342172,2a52cdeb0e63dbca2fcc63fb90a619f34ddc5e626ab3ebd166c256a1ad2c2f3d
data/ImputedPopulationsC1/C1.119_Imputed.csv,1348286,bce2acaf10fbc2e52a9c9036c39fc3e699a69df523eba97a32ce43e95379407e
data/ImputedPopulationsC1/C1.11_Imputed.csv,920873,653d77fac97854167b07553bd7145393cf40e0ad48abbd32b334253bcb0c88c4
data/ImputedPopulationsC1/C1.120_Imputed.csv,1415805,f63a14459e26e46d7a39446c45fbc905c41974c4bfc4b9dcd4890c9f096a7195
data/ImputedPopulationsC1/C1.121_Imputed.csv,1444606,23f8a8223d6551b898142cb1ea2a6f5a12255de0d5821dccd38010dea0972fe7
data/ImputedPopulationsC1/C1.122_Imputed.csv,1373350,ab1afe75f6cf38c60bcca9958c8477b90c1b637d6ec56dd968001fbf25c42f46
data/ImputedPopulationsC1/C1.123_Imputed.csv,1435964,7e4c00bbd98f250ab00f396a9c6728640e5c39bc257f2cc4d96fcc7fbac61ae0
data/ImputedPopulationsC1/C1.124_Imputed.csv,1408244,58e6d564bb3d5af315d65e525437bb1c1a635856d5b696529ddc8afd1eadbbed
data/ImputedPopulationsC1/C1.125_Imputed.csv,1398351,913debd4e1c3e901f39f782989eeab2d4c1ed255ea34edbd3131f770808b8f8e
data/ImputedPopulationsC1/C1.126_Imputed.csv,1412777,1b7083272e8ee5fc83380e5cbc7e6b371342762d3d4c86c197f8f186329e7a92
data/ImputedPopulationsC1/C1.127_Imputed.csv,1416110,1d832a5ac8df15e2ae1412f58e44c8e4b16f54a2da9c796c1b3bf341899d8a92
data/ImputedPopulationsC1/C1.128_Imputed.csv,1380318,466327b8467634fbb96f9fe457a9f83592de7c34f54cd7bfc17cf4830bf78c97
data/ImputedPopulationsC1/C1.129_Imputed.csv,1441426,6a51d40963d9fe41dd236f890c9d390fb13e4b65fd412f02f26c293cd4440af1
data/ImputedPopulationsC1/C1.12_Imputed.csv,1347507,fa45de5a17ba7c6c3bf7cc4dce613703e065850a312edecd73ec0afadc9dfff3
data/ImputedPopulationsC1/C1.130_Imputed.csv,1377071,54757408a7d8546115e46582285bcf68244c856867ed4a5d40a46b10ab0e20aa
data/ImputedPopulationsC1/C1.131_Imputed.csv,1422512,b3b0d2f7151f0d0c8478b4ad8622a7aeec9e79b925cf704ca7d28e8176b19ff1
data/ImputedPopulationsC1/C1.132_Imputed.csv,1410074,3a5a0e5b5fe5f5dd273d2f5412e744022c499f518979b46f1f94e99ac5d88337
data/ImputedPopulationsC1/C1.133_Imputed.csv,1390772,24ccf2c7420caf15e6b9a0b2fa5a43cb2e50573f9e93c82a2aad04a1c3dc6470
data/ImputedPopulationsC1/C1.134_Imputed.csv,1373100,c6674882f8e32085faff15171cc9b18bedf3f42646ca291ccbaf77962b3686c3
data/ImputedPopulationsC1/C1.135_Imputed.csv,1409746,555a073b46ae4a939541bd6e0ae18bc888d062dc65aba932583ea67e33bc59e8
data/ImputedPopulationsC1/C1.136_Imputed.csv,1431714,2432623560814c430f925550f8faf23cbb8ab2642adc337822c633b0fbd9e343
data/ImputedPopulationsC1/C1.137_Imputed.csv,1418129,b6b194e014a317074b7dcc1a065ae33fa7f6a4b1ca4c100650b1ec3387afba04
data/ImputedPopulationsC1/C1.138_Imputed.csv,1400344,d5021b3611920c48d714bc014d1d3ddc4850e430e2ed197a252042198bd50764
data/ImputedPopulationsC1/C1.139_Imputed.csv,644854,c380f56491b5011ced35cdba36812e395e31f8b2329a316c2df85ea57fa166f3
data/ImputedPopulationsC1/C1.13_Imputed.csv,1239488,1d3c7e7100425e8a0d90a363c3f170d117ff367e3dfc198dec9193f07831089a
data/ImputedPopulationsC1/C1.140_Imputed.csv,1433425,030264520a9681908c2ca66e08b570bb7a2916bd275ed5a79992ebf16b78db35
data/ImputedPopulationsC1/C1.141_Imputed.csv,1407819,948987eb8f7d2baf259bd30e3d250c1aa02edad9b52d975cd23d9c8124a84d20
data/ImputedPopulationsC1/C1.142_Imputed.csv,1355942,f6746d1c3e537e4a3d04592d0586d8c954d23fc11d62a549641a688dc8d98c58
data/ImputedPopulationsC1/C1.143_Imputed.csv,1385874,eb75edc80adaab459f39128cd754ef183c59a01a50fafefc692cf3b19fe0f8a7
data/ImputedPopulationsC1/C1.144_Imputed.csv,1431979,498b1114069402767604c14d53f0f6d582ee5ae5bc5d1c057486da31220417cb
data/ImputedPopulationsC1/C1.145_Imputed.csv,1407682,ccb7a85d7ace9c3d3621c6e91798e5ffccc27c53253b8fc936ab90ce30cc15cd
data/ImputedPopulationsC1/C1.146_Imputed.csv,1428669,5763583d0aaea9a66fc955f6945a3fd4e461a91eecb2de2455379c783730ab42
data/ImputedPopulationsC1/C1.147_Imputed.csv,1392409,1a5ac191c4c98680aafef73b7a1b7ec6b0d20dd43329d0b8e5b017a26f5a984b
data/ImputedPopulationsC1/C1.148_Imputed.csv,1370896,bb3434ae2c43bf5b3278e2281a156ef2c8984c7cdce5bf10251eb2a67a3147f1
data/ImputedPopulationsC1/C1.149_Imputed.csv,1390432,6e9e1f04e4e5f52afa88e2440c3430ca5772f4607946b45150090cea852f2e18
data/ImputedPopulationsC1/C1.14_Imputed.csv,1324092,e2e3d84d8e468913bd8e45a060f5b69a8e334f653083f7437e5b232b1dfd4fcc
data/ImputedPopulationsC1/C1.150_Imputed.csv,1473495,f16ac327898819c1a84a0e9003bbddb97ce98e4070fe32b5ad08d7962fcc204c
data/ImputedPopulationsC1/C1.151_Imputed.csv,1334161,76d5589abcdcd2da93a35dfa5f9cc271a960f93fb629eb176ad07a57c9617b2b
data/ImputedPopulationsC1/C1.152_Imputed.csv,1425409,c4f6b476618a291b63cdab71a09b86a63a600055c76301b111d7c824b79ec928
data/ImputedPopulationsC1/C1.153_Imputed.csv,1392386,3ec8e5c5c19a00e4fd2eb1854c3e15adcfd1134de7d283b395f29afaa0db4307
data/ImputedPopulationsC1/C1.154_Imputed.csv,1412585,3197f4515c40808fcfd39ecba1cb89e9953b827145d7a655c00299d3672e43a7
data/ImputedPopulationsC1/C1.155_Imputed.csv,1310983,783192b1ef7997e03312f4ebe4187991336ceeb7d9e77960a9570fad6c77d5cb
data/ImputedPopulationsC1/C1.156_Imputed.csv,1185704,97d42960d74ba9e2745ad4c7974bd8270180d310b79f410bf2c19989efc08fae
data/ImputedPopulationsC1/C1.157_Imputed.csv,1402565,815a3a9cbe863105e44c008918f127b8e3a4c35090ecfcdf6bfd115de40bbe57
data/ImputedPopulationsC1/C1.158_Imputed.csv,1379339,8fe04a6be069cd3280bdab6dece5e678fe39d9ba0b8b6418f6b22b9eeb88cb34
data/ImputedPopulationsC1/C1.159_Imputed.csv,1400440,48a87199a0211a0f5a4e5177b612bf7657e000ed9415f9d6dd5a0216802dc0c2
data/ImputedPopulationsC1/C1.15_Imputed.csv,1294232,1406f7ef4aa1b55fd4e0a54a813ad8a387cbc8073dd93ea6b4f4bbd92bcc8af6
data/ImputedPopulationsC1/C1.160_Imputed.csv,1414225,a1dfc948892b382d92cb4a21c066f2f0dd22ddac50e9ee2f6004e93dbc439110
data/ImputedPopulationsC1/C1.161_Imputed.csv,1341165,85a109722a40d875e96e3a84dbb951d9292eabf8ef4afe4c6515f87a7b9fd33b
data/ImputedPopulationsC1/C1.162_Imputed.csv,1414079,b38abf4b5822a9536a5827fb0c3a68e9421f1fd60957e5d291220b4fb0839e3f
data/ImputedPopulationsC1/C1.163_Imputed.csv,1106636,dcb325a66bdf46e2a47559514bb49e9d2227834e5b2801241f3b5dda3990ce48
data/ImputedPopulationsC1/C1.164_Imputed.csv,1071470,10976d23a6d1e0d5e2ef6410f5fa520001f27542fad49e9815bb6815abe122a2
data/ImputedPopulationsC1/C1.165_Imputed.csv,1219359,66dda83c728e3e540ef633941bf4aba5b328d3dbe7d028f7197160f23a9aa669
data/ImputedPopulationsC1/C1.166_Imputed.csv,1382288,ea465134db43698c9d5df1c5678e4a34c06c17dfb9cda6ca93a65b48a6d5d335
data/ImputedPopulationsC1/C1.167_Imputed.csv,1394654,a91a8b51004c62f4581f085211e15d30df266d5070d7a4da6373d598f5258144
data/ImputedPopulationsC1/C1.168_Imputed.csv,1418056,a7b7fef22a10076cccb3fde53e825e01a7a681bc0e326e2e1a3e09d8723f9551
data/ImputedPopulationsC1/C1.169_Imputed.csv,1435618,c180e00becc6a890c288c11e878f9a63ddbb809219b9d4ebb9786c749a16d539
data/ImputedPopulationsC1/C1.16_Imputed.csv,1210001,93601fa8436966a1cf8187f0d3eef759e37376d4752059b704569f5f09bb2a67
data/ImputedPopulationsC1/C1.170_Imputed.csv,1413439,1bf90b642e9f5751535b46f6d96754fbb92a5c3059e58a78df240cb7a2e58012
data/ImputedPopulationsC1/C1.171_Imputed.csv,1393258,2777686e9f210787214c87f6a550c515c5d52e4c79d11f92f1d26da684bdce92
data/ImputedPopulationsC1/C1.172_Imputed.csv,1428701,9d952196471bdea205147b046b146f7c9c2d07ee7622c39f14b42293f0c94305
data/ImputedPopulationsC1/C1.173_Imputed.csv,1401993,353451a682d7c944f4dc882f384b02b360e7091712bb3576e37804ab43ce50fe
data/ImputedPopulationsC1/C1.174_Imputed.csv,476566,a91c6b06d9ac648a5cd216158387615219d2ef3fb6aa741deeb5911171b825ae
data/ImputedPopulationsC1/C1.175_Imputed.csv,1426333,e543f342a97420c9b1ad424dc521692b865947e183563e19a7d616bc99a151a3
data/ImputedPopulationsC1/C1.176_Imputed.csv,1384142,60b3a9decd70780461282f1d5bc84c43864e723a878f3787128649a533da99eb
data/ImputedPopulationsC1/C1.177_Imputed.csv,1259072,8ff58941eccf05e94c4bac69ad823f0458b957ddf48ffdebdbbf058caeb467f0
data/ImputedPopulationsC1/C1.178_Imputed.csv,1418360,e216852e3066a8c106e5ed239629357ca28b975190cd0a9557578a4e59d07dc5
data/ImputedPopulationsC1/C1.179_Imputed.csv,1411038,afd869599d3df6511ec061d73f61b5e17c778559399f88ce5a6434b5eaf0bccd
data/ImputedPopulationsC1/C1.17_Imputed.csv,1333017,7bcf28b923be99531ee8344fad3003145319c0fe2cb0fed63b404b7d1c0a2ddc
data/ImputedPopulationsC1/C1.180_Imputed.csv,1384886,4997f64a311b7699c453fd2d4fdbad368de703155268c643637158545df4fb28
data/ImputedPopulationsC1/C1.181_Imputed.csv,1416962,8ff03a073af2f8cde427ba1688f310c2c67665b47ff85ca193b30a767484aefa
data/ImputedPopulationsC1/C1.182_Imputed.csv,1357872,5687a925a6652c8349573aeeed00a17cddbe765059b7c59589a3dc655d182fed
data/ImputedPopulationsC1/C1.183_Imputed.csv,523927,9983da038b4d38ad5de151aae842e25a0bcea360a14bce81de1229550fcbd6e3
data/ImputedPopulationsC1/C1.184_Imputed.csv,520264,366f6a3c6983b3acee383faa48669ecfc50a1dedac6a4f4530b388d161eacf98
data/ImputedPopulationsC1/C1.185_Imputed.csv,1411329,5144d380ddb11fc0b4d91aa8300d3965e9a9af6ab24ce9ee3c280b880aeebf5f
data/ImputedPopulationsC1/C1.186_Imputed.csv,1424858,b4cab3f0c8661d989b02c0dbb286f1733f8c406436fbecd338163378f33fc122
data/ImputedPopulationsC1/C1.187_Imputed.csv,546166,94823d0352bde62017981c757e3d3995a326658946b73d24f0938b6a479e4dff
data/ImputedPopulationsC1/C1.188_Imputed.csv,1305315,440505ee39f4f1eec31be6613c57049e661542b22bc7c5dddab6745f2acb9e70
data/ImputedPopulationsC1/C1.189_Imputed.csv,1335045,e2faade35af4ebf122a5a3e29c048c4582cc14457ae89cf9468f72c24873e0a7
data/ImputedPopulationsC1/C1.18_Imputed.csv,918639,034cf6ab1c440ade2559d8351f93f4929ae7fd443610c23ca1f0d4804c073526
data/ImputedPopulationsC1/C1.190_Imputed.csv,1340073,8708a40a38a1f6092d5c07b197cd48ddae1977ca91843a432c86ab02a3f35bad
data/ImputedPopulationsC1/C1.191_Imputed.csv,1346677,7e35cfb31595fe8c8434ce4a31f4e4d587218576e838e824002bfe999aee7982
data/ImputedPopulationsC1/C1.192_Imputed.csv,1336444,eb73c90c2f05c7dd4d41e78d2d0d5a4b50b64f887a4708f9f74d66b4633e40e4
data/ImputedPopulationsC1/C1.193_Imputed.csv,1318960,80fc77839ea97f8d2eb4aeebc655347f85f319f26b4f9c32a83859d9cc134c81
data/ImputedPopulationsC1/C1.194_Imputed.csv,1377046,ecee4c29ce00d167f78b2af7a680d62139e3fbac823c3bd58aed59d3f70ca74c
data/ImputedPopulationsC1/C1.195_Imputed.csv,1364937,3ff3fd00f60cbdf96b08d73cd6f1e60f76a3e42474651fadaf298ef20ff356aa
data/ImputedPopulationsC1/C1.196_Imputed.csv,891827,d64abfe151976fbe4f1fd59114de88cbf31262bbf52c98ff5a14ffd9601e463a
data/ImputedPopulationsC1/C1.197_Imputed.csv,1426346,7e4af64c83702a85c2345ac4c477854f8a3a08408afec7030ff1569f327019ce
data/ImputedPopulationsC1/C1.198_Imputed.csv,1396869,ec433a75b9c937e721fc706614dd9f598ecbdb4c4bb61c28b941471603daf28b
data/ImputedPopulationsC1/C1.199_Imputed.csv,1414349,b32132d199b41ea0358f5841fefd8dd48ca20b6de107ae9918560af1212dbba1
data/ImputedPopulationsC1/C1.19_Imputed.csv,917330,002e8120ea75dfbb3d671442147b70e3690fba4599d00c54881fd20a3e9e9612
data/ImputedPopulationsC1/C1.1_Imputed.csv,1389378,a5ad8aad8538d42d4ee8ffe480bb579803d43b21c9f0e7bd184914322d91e301
data/ImputedPopulationsC1/C1.200_Imputed.csv,1406677,d93103c00da2b01e30c049c28b0f4229976299d4798128415ef057c192e38788
data/ImputedPopulationsC1/C1.201_Imputed.csv,1404185,9c05f6238fe23a04e45a73105beaca7c9d7e803e7cea6738b171d0b38563119c
data/ImputedPopulationsC1/C1.202_Imputed.csv,1328780,198dbf0bdcf7d542a94205ef7d0f24ca04c56b2f2d9d731bcb7ce3b148e5aae0
data/ImputedPopulationsC1/C1.203_Imputed.csv,900618,19ca21a69326b996aff07f052399ac10b2f50708d6ba54f807121fd5e3726358
data/ImputedPopulationsC1/C1.204_Imputed.csv,1302458,fc3f984933492f8affbc2247747969fedce5dd0854a4372b389ed505f7fd0d5d
data/ImputedPopulationsC1/C1.205_Imputed.csv,1332439,48211f68ce472d99b31c4f3ffed736dd5b053658f5a05de7807f6c6a5a3d94fa
data/ImputedPopulationsC1/C1.206_Imputed.csv,1359687,64b3594d53bcb2e0bdc5410f8fb53bcd9cd18e7f9650f7eb24c594f957bf6e97
data/ImputedPopulationsC1/C1.207_Imputed.csv,1421142,32b0c411ea0c01237b0bfa8f7b01f3f90237a691469003958bc2eeea74f0b67f
data/ImputedPopulationsC1/C1.208_Imputed.csv,1450900,398b8a053c44887e4d1f77dc1678971809528ca44340900e55b141c4eb756abd
data/ImputedPopulationsC1/C1.209_Imputed.csv,1360857,d6f7256cb8c03352ce65d1b872d55992c8d813301ac4cc4a3a55d3b062049d08
data/ImputedPopulationsC1/C1.20_Imputed.csv,1311184,0bfc1a9fa2c270828760a3a999f22965a9682ad36da7c31351c900af98efd6e4
data/ImputedPopulationsC1/C1.210_Imputed.csv,1440360,fa3156b768300029ce855b48129937812f126f8380e0928b50418f72875b7f9f
data/ImputedPopulationsC1/C1.211_Imputed.csv,1426517,9eecbd594f29d340baf2cd3dee19858550cadf1c4124dccbb1d14ceb5c90084d
data/ImputedPopulationsC1/C1.212_Imputed.csv,1344052,d8bbca67c112efd09a2715407c34ba09c6cf42755599f71ffdf850781d666a43
data/ImputedPopulationsC1/C1.213_Imputed.csv,1328202,ee385a52c6f5e8dbb494abda27bcc83dd2b561a3a4edeb721f9667a189f00429
data/ImputedPopulationsC1/C1.214_Imputed.csv,1333712,c5dd5286b5e5d8f739b1884eb38b43c3741aede368ee9fdb718a692857caff42
data/ImputedPopulationsC1/C1.215_Imputed.csv,1417005,f4bc655a2cc8453c3a2bccd1834ee4b3dd524ba136fe21f235c150b0ad090df6
data/ImputedPopulationsC1/C1.216_Imputed.csv,1436045,d67ec789df9923655390be3c6fdd2e0578df5e23cfe71b970b2734958a135de8
data/ImputedPopulationsC1/C1.217_Imputed.csv,1427483,0dc2706b4ec945fe9f1b672b486708f774e98a6e3b05733db53833d20f92b82a
data/ImputedPopulationsC1/C1.218_Imputed.csv,1316735,ee5a4831fc4cfd93646308b759afd4201a9631edb45fa9ad451d77c41366baae
data/ImputedPopulationsC1/C1.219_Imputed.csv,1358563,8917225040d1541220658db8f7633622f8cd8cb66c3f70c4f313fab675759bee
data/ImputedPopulationsC1/C1.21_Imputed.csv,1275455,891ca4dcc8fd4349ef2c79ede8933db9a9882fab2ac8e67953a8771eb32a7bb3
data/ImputedPopulationsC1/C1.220_Imputed.csv,1411200,266d2848dbcb5637582dc7823cfcc4c2c1ac33e3cd74eaafcfd9f3ee41f69a8c
data/ImputedPopulationsC1/C1.221_Imputed.csv,1411038,afd869599d3df6511ec061d73f61b5e17c778559399f88ce5a6434b5eaf0bccd
data/ImputedPopulationsC1/C1.222_Imputed.csv,1364937,2f943ab6e08e6c6f6c0420a859404fb62638abd423956ec6c211a8269b920ebe
data/ImputedPopulationsC1/C1.223_Imputed.csv,1376024,78549bac5dd05249cd3b0a85930833a983d52b271c7bc07d4d14b259e6d56a39
data/ImputedPopulationsC1/C1.224_Imputed.csv,944794,c522084a6ac751b6941569ccb42c31ebda8045c32796d3643021e1f80128a320
data/ImputedPopulationsC1/C1.225_Imputed.csv,1421142,5613c1583b6b174a162cc3fcfa631855dfac4c127f11a262c077c994797983ca
data/ImputedPopulationsC1/C1.226_Imputed.csv,1335045,4af01bfe3edb65b36dedbbe543cd1e1227fa20de34cac056de6c0f8872b8fc5a
data/ImputedPopulationsC1/C1.227_Imputed.csv,1305731,de69dce6d3ac52ec18c857485809a6943950a3a9cab139c78798703eaebe497a
data/ImputedPopulationsC1/C1.228_Imputed.csv,1305714,73dc442ef917d991d1c46a23d70077e0122f883d04d8f65a208db6604202427b
data/ImputedPopulationsC1/C1.229_Imputed.csv,1284674,dfdad13a4c10b5b3cb7a3731783360da02c80b33b5c84e48d0d6af40ad3b6d79
data/ImputedPopulationsC1/C1.22_Imputed.csv,944794,c522084a6ac751b6941569ccb42c31ebda8045c32796d3643021e1f80128a320
data/ImputedPopulationsC1/C1.230_Imputed.csv,1281377,9ae05b40d9ab8111c88f8f5de0ce438b0d2570e5955a0db1b3797dba43c478eb
data/ImputedPopulationsC1/C1.231_Imputed.csv,1384050,cfdfd8896517eecd123e338b3fd9758c0b8b41633595abf45ac63d0bf85705bd
data/ImputedPopulationsC1/C1.232_Imputed.csv,1399681,8e597db227004bdb4a6aaaaa74e8ed00d60807f72878eb36d78fbaaed481cbd2
data/ImputedPopulationsC1/C1.233_Imputed.csv,1379223,cc08add5e5a414e3f6a7675faa4a12699b152d1ba96b7f69c9530cd98353bcc4
data/ImputedPopulationsC1/C1.234_Imputed.csv,1384740,d83ef42bfc1ab513a0f83e45e02ef7ef5fc22e01a67a8ff06ecfee67cdd6ae05
data/ImputedPopulationsC1/C1.235_Imputed.csv,1437107,03e3fd42fbda4415cdda7b22fc292ca7a4bceac667c3a4712de8ab47f0d10e47
data/ImputedPopulationsC1/C1.236_Imputed.csv,1404637,81640e46572d6791208d5946d9503b4892eba10162e2d00aec3871999d472042
data/ImputedPopulationsC1/C1.237_Imputed.csv,2063990,c46b8b73ad30d57f981695033db0fbbd7416f7872f8b6b6cff2346c4b300cd86
data/ImputedPopulationsC1/C1.238_Imputed.csv,1374333,955c7020051063a462bf06a35804bce960bb69400ca4b8f6bb4a4012b0fa8412
data/ImputedPopulationsC1/C1.239_Imputed.csv,1413376,d1f6a734218ab8b7216eecaee00614383530b2c7f8df4d73091db1fbdd5a8ea6
data/ImputedPopulationsC1/C1.23_Imputed.csv,1429383,59d0193cef3ce0477a9f730c4d98c10481e2a3a6487bfe97ec0cb1a9d522dd9e
data/ImputedPopulationsC1/C1.240_Imputed.csv,1388456,cad972ef302124a77bdb4bc2e830cf3e1e63f8589cbe5414636d945564bf7ac9
data/ImputedPopulationsC1/C1.241_Imputed.csv,1391288,761e9dfc38c287a28a73b27fe5471cc1d36a98daa3b05a56907980b1c5f1d9fc
data/ImputedPopulationsC1/C1.242_Imputed.csv,1406057,accec3517ee1fef6b1755d6ecffdcc366506f98d763e56150f4aea591c3ef714
data/ImputedPopulationsC1/C1.243_Imputed.csv,1370870,d0e6d512dfff3f5ad519084928f9e7aeafdc939cf841b7908c49b48a29261fe9
data/ImputedPopulationsC1/C1.244_Imputed.csv,1409646,243a223fc89f06f1a4c7a4fd7e7cd17a15a6ad23dc9642b1f9ca4c84a3329ab1
data/ImputedPopulationsC1/C1.245_Imputed.csv,1376164,e753f47b9c189b14555d9cda73ab3c26a030e2c19b4a39b458582684544da2cb
data/ImputedPopulationsC1/C1.246_Imputed.csv,1431991,a84fe8236e2304037de4d15ebe79c0af8e4812e4cbb6e34dbd515c521ff33599
data/ImputedPopulationsC1/C1.247_Imputed.csv,1424668,d30e92da659274effe31337a9deb9ee9002a1aa0a8200e8b4de0019512a3edf4
data/ImputedPopulationsC1/C1.248_Imputed.csv,1380998,005632318aa9180129d9fce4d814d3ea631545f503ce37f77a3a50d7384775b1
data/ImputedPopulationsC1/C1.249_Imputed.csv,1362697,77bcd7a6f26f571a2f5b495f23f117a450ef3dbacdb0545e0d7f07e46d987bd3
data/ImputedPopulationsC1/C1.24_Imputed.csv,1284674,dfdad13a4c10b5b3cb7a3731783360da02c80b33b5c84e48d0d6af40ad3b6d79
data/ImputedPopulationsC1/C1.250_Imputed.csv,1412820,9cfa8a93918b32ba6bdfa620e3d5de046a5250db82034a2ef246cdb380598111
data/ImputedPopulationsC1/C1.251_Imputed.csv,1384614,f2e1b8d838e0aaf76fb5285f28649cbb77e42e2bb4aed80c5c905e402a051093
data/ImputedPopulationsC1/C1.252_Imputed.csv,1351608,40800458af4097ec363f99a8b4062fa38f307447e08cd5219409a17ba7b28b47
data/ImputedPopulationsC1/C1.253_Imputed.csv,1392995,becc706ac832f283b3c5829f3d29f7b9309568dd30c3c61f4b697f2b7651d34e
data/ImputedPopulationsC1/C1.254_Imputed.csv,1259658,8c8e1da6a5cb49c686a2fb8271b5eb8f89745709d137701bf2940915d38725a8
data/ImputedPopulationsC1/C1.255_Imputed.csv,1365612,97832ae4c2d63e6ac7ec24ee06d0f95f7444ef23cdcb44da586e9ac558ac3bb3
data/ImputedPopulationsC1/C1.256_Imputed.csv,1346459,e846ab8cdd87308ca28cd8a9bfa159eee219adb1588f2fa02142307948443d5d
data/ImputedPopulationsC1/C1.257_Imputed.csv,1405623,be5503cf977eb21e7a7cdc15b622c4682e54cc91ae707c15b059aec25b6a6db4
data/ImputedPopulationsC1/C1.258_Imputed.csv,1382328,ad72d073b8b6430b24a56f964b4f0f63d4c394d3c467069b9278431749ca454a
data/ImputedPopulationsC1/C1.259_Imputed.csv,1414163,cdc80e9ca25cc200eb72d53da40fcc1983c6983d9bc675dbbc76d87218b15254
data/ImputedPopulationsC1/C1.25_Imputed.csv,1245394,34c09b9a503e306bd6c2d782a95e9ceadbe5ad598b88bfce0c97dcf6bb88953b
data/ImputedPopulationsC1/C1.260_Imputed.csv,1381571,3d5dac2700a46777868697243fe172ada76ecc89621dbc650390febe76ab3376
data/ImputedPopulationsC1/C1.261_Imputed.csv,1388765,09923e10a501702212b6bc34efa228491c69a039547ed1f22af9fe77e97ad57d
data/ImputedPopulationsC1/C1.262_Imputed.csv,1341218,46ce75626523854b5cc2381c4ced681856cd4b4c458f9baa0de21db4c53266d8
data/ImputedPopulationsC1/C1.263_Imputed.csv,1375720,019e19a62a091af30913bd707abc3e6470b847f7879e02a648f9fb4fee0a6c8a
data/ImputedPopulationsC1/C1.264_Imputed.csv,1391804,f61d27b983e014449765d939484697a4f160ccfb5028ccf3cfcd3ea155831f94
data/ImputedPopulationsC1/C1.265_Imputed.csv,1385964,697abb84cc6bb395bfcb87f6f83a54b3b0787c0e249fcfd858147c6b65c64c24
data/ImputedPopulationsC1/C1.266_Imputed.csv,1388417,c7dc1b193df6183342c1f6777fc873478d2b72ca21536472135626d9c035f2bb
data/ImputedPopulationsC1/C1.267_Imputed.csv,1361685,a4ecfdc469cc4e018ed606b43516895b6a90d75d22631a826b4068ab564b82da
data/ImputedPopulationsC1/C1.268_Imputed.csv,1317139,0843fb53122d580909c69db308f6c84ab51a08cda8dfb3cda37de970ab83c779
data/ImputedPopulationsC1/C1.269_Imputed.csv,1219937,ee5d51e2fba2d9ab9b8c99eb477abf4f33dcd34b32e8f02204b25a8f5ceab2c3
data/ImputedPopulationsC1/C1.26_Imputed.csv,1298629,4811dc517901f703d4a3be662c91fb5ee1ee0d174dc88962821284accba014e5
data/ImputedPopulationsC1/C1.270_Imputed.csv,1405436,d39516f48c20070050c302acec14169f2e8f7539ab2c720f4db3e924971d18e3
data/ImputedPopulationsC1/C1.271_Imputed.csv,1401124,ef89b9b9fa9a8fedb90b03a9f14e51e69c737f8a12df0ce67d1e932981b14b81
data/ImputedPopulationsC1/C1.272_Imputed.csv,1309878,06b73e0a1f25bf2d381948a8ffe6712d263c03d1dbf6df287dc576f4b12b2e86
data/ImputedPopulationsC1/C1.273_Imputed.csv,1374472,d0a00a8ced26de9a81a94893a28ac7169038664406ae24b7bf14e27adc3200c5
data/ImputedPopulationsC1/C1.274_Imputed.csv,1392405,157032c8a8548feddd6a9abaff6719bb61f53bc4bc2450d5656d81121bcbf9c2
data/ImputedPopulationsC1/C1.275_Imputed.csv,1362872,770865e846bb63f9ce78d27f50d4886b5744e67efdb453ab7e747307f5fe103a
data/ImputedPopulationsC1/C1.276_Imputed.csv,1379159,f04f3515c304b43a6fcb295645e369f4456eb71f1c3b421fb0722b9424e773bd
data/ImputedPopulationsC1/C1.277_Imputed.csv,1305563,22c8cf4344f8807c6ef201273ba0fb40c4c3378f514b42f9501d02624b15caea
data/ImputedPopulationsC1/C1.278_Imputed.csv,1391004,ff341f699469ef9e059aa4c6377e36cbea2780fcc6c849903cf8e6480203cb4e
data/ImputedPopulationsC1/C1.279_Imputed.csv,1301164,0305c1f1005bcbf46f101eb786d0f88902934472849657d0fbbbbbb264f282c7
data/ImputedPopulationsC1/C1.27_Imputed.csv,1191166,3d856c26fcc034b327e4953147b021d3dd1b5bf242169786a564f5b6e075a9e3
data/ImputedPopulationsC1/C1.280_Imputed.csv,1367289,c4b584ae2abe6239a0f437397b5289873f4db399f4ee79c21591f23a5e6d41ad
data/ImputedPopulationsC1/C1.281_Imputed.csv,1368904,589eb84150309cbf957c91b81cd2445c89162caabfeb30a60847e81dafbb7909
data/ImputedPopulationsC1/C1.282_Imputed.csv,1375010,63a08aa7d0d329a852d73afb6d8a983f3e678293543fe05b6f131e2172d646c5
data/ImputedPopulationsC1/C1.283_Imputed.csv,1367698,86466f3978e2387ab594fcd28b6c3fd8ec3c687ed446078e50c68f8f9cd14a5f
data/ImputedPopulationsC1/C1.284_Imputed.csv,1356459,dcd8352667519e82a4b3de4433708055da11569807a6784941752be3fdf10420
data/ImputedPopulationsC1/C1.285_Imputed.csv,1361876,62e942e634fe7a5e25a9de9e731d2d04d925fb118559550f62af3eef384e2e94
data/ImputedPopulationsC1/C1.286_Imputed.csv,1381699,8bc09964af46429246605e0484650ea710657ab9c2f077673929f3b16f39bf61
data/ImputedPopulationsC1/C1.287_Imputed.csv,1189723,e0a007544ba6d3b2c9554d26f8c08ef824f3bd21747f6538d9758f825696b08e
data/ImputedPopulationsC1/C1.288_Imputed.csv,736843,253dfe83015b72b974eb447d03206dd1d4ea5616f425922fd1fa3d13a802958c
data/ImputedPopulationsC1/C1.289_Imputed.csv,792119,b5e2cad7236f3d6624b85bab031d45746d484064e7163b3f5255e3427c18b3c7
data/ImputedPopulationsC1/C1.28_Imputed.csv,1341412,fb7c26f64ac86444dadf8c80f1e588134c14fb1345112e7ace05a202a9c813c6
data/ImputedPopulationsC1/C1.290_Imputed.csv,1366819,1a73a50c4e3e9cb72f70e973fffcb368925b6238d8396a4db6c5778f1aacc961
data/ImputedPopulationsC1/C1.291_Imputed.csv,741354,06d6c53ad05f731d21b4f662c766694ca88aef74ad8553fd82cbab2bfcb32b0a
data/ImputedPopulationsC1/C1.292_Imputed.csv,735439,dc88b834514fa667aacff36363ac0372b25fcff53990bf4e804c5caf8e578d6c
data/ImputedPopulationsC1/C1.293_Imputed.csv,1357712,c050718892099b739980db1c7daa6bcd2a39785e9bad00b646d446e08f2fa474
data/ImputedPopulationsC1/C1.294_Imputed.csv,1372959,cecf443d9f710dca756a12878422aeb442b70f6f8658a6d3b772178f56e658a4
data/ImputedPopulationsC1/C1.295_Imputed.csv,1337710,0988d5235e1fbf3e8d84015ba887bd2eb4e92568d59ea25d15c5f8305d79172e
data/ImputedPopulationsC1/C1.296_Imputed.csv,1363035,cdb7398863da9b5409281b1086324ca7fcfd24c62a29c2fbeecf468b752a68dc
data/ImputedPopulationsC1/C1.297_Imputed.csv,1307178,e470baf392d2cf8e280af52abf43b34b5a88be0dffaea709e95355bf88bd13f6
data/ImputedPopulationsC1/C1.298_Imputed.csv,1363115,4a1309366aab082b01c36cd8bf2e42b08eff64a4e7308b55f6c3e47e1a257beb
data/ImputedPopulationsC1/C1.299_Imputed.csv,1421256,94f00beec462fb1a6a906bb08cfc8c222c9777d10f825299b668299e4d84f531
data/ImputedPopulationsC1/C1.29_Imputed.csv,1362052,fb3976379918d46c296916b2bcfd5b59f30b3c15ca397166376cae26e637107a
data/ImputedPopulationsC1/C1.2_Imputed.csv,1228376,dfcf137498f5c66d93254a097694a812d39d39e47c574aef116acf7f320e0009
data/ImputedPopulationsC1/C1.300_Imputed.csv,1359835,a8051ff9cc1778894f8d8fe48e9a1761d2b6a7874b4c98d14c5e0ae283bcad8e
data/ImputedPopulationsC1/C1.301_Imputed.csv,1414161,edc3eddbe1786ba55091a452509a21925af7e16fafb93e1c4c0d1636a984e212
data/ImputedPopulationsC1/C1.302_Imputed.csv,1200657,b518da95430ac6c0e001cfa725e0df96628a1fad88c49027e7ce625f4866200e
data/ImputedPopulationsC1/C1.303_Imputed.csv,1416476,1fe4f27ddc889dd55014786fef15d291601e0fcd8560b900870dae54d0f9be6e
data/ImputedPopulationsC1/C1.304_Imputed.csv,1105858,c4af238ac0903dd2a329e79d1484e525223752e6404d11a60cf5a469fc296610
data/ImputedPopulationsC1/C1.305_Imputed.csv,1393831,74ee6c0b28b32d1d6f489b3dfa162e25481a987b05805591710d74f17f4e0ccf
data/ImputedPopulationsC1/C1.306_Imputed.csv,1337181,62a25de25706aa671765e14e38134039ae6823b2939f4a927423f40514579b53
data/ImputedPopulationsC1/C1.307_Imputed.csv,1387024,769dd2e19c5d2ae18ba2d3893d3cc89e5f10a07cf2ebd7ccbdc4f01f8bf954dc
data/ImputedPopulationsC1/C1.308_Imputed.csv,1313375,5b1b170d61bc8e1bffe203a38627523462cef04121dacb8020b37a99a1c569e1
data/ImputedPopulationsC1/C1.309_Imputed.csv,1328805,988fb0b9ceb981a99b9c52eaf1a90b1731c44d74cc209fc88619512c8d2a3f57
data/ImputedPopulationsC1/C1.30_Imputed.csv,1352176,3272f0436487f646474692f2c43d17e0ed99b3364de60fbcf78f4aa0f2db9c25
data/ImputedPopulationsC1/C1.310_Imputed.csv,1367214,dbe47f6f89d901e7e6678c844d14ba254a27355fc7f2a57bee3c9d21ed500b76
data/ImputedPopulationsC1/C1.311_Imputed.csv,1357311,5defede0699f72b208de5e017dac43b9415f1e6629030d3cdbde2cab8578c81e
data/ImputedPopulationsC1/C1.312_Imputed.csv,1338386,e808297de98391a00e067b9f49e7a5a1cc19f0aedcb5c7d06524574b8c0b3406
data/ImputedPopulationsC1/C1.313_Imputed.csv,1349843,8ca046830c6c1ff1cd5b8323124a6f0800a5f731ca9f8f8786d59eeb034d717d
data/ImputedPopulationsC1/C1.314_Imputed.csv,1425232,f3a389ed4a600ae3680033e9f4b5e60d2a94b988a304a4077fb50ae90a0ccc8c
data/ImputedPopulationsC1/C1.315_Imputed.csv,1417004,a54945dffb7e2b1eff88108ff7f95b64076a4ff982bbfba591c0299af1f09f2e
data/ImputedPopulationsC1/C1.316_Imputed.csv,1184744,4bde53575ff956fee7a782cb091b3b6584504a4b3d09397e11e62c849e519b09
data/ImputedPopulationsC1/C1.317_Imputed.csv,1271076,139c108f747fe87a2229270b994722d5e5739625dd1387553da06d46d4caa197
data/ImputedPopulationsC1/C1.319_Imputed.csv,1341990,9a5b64981849b4a3ef0210194833dd9e79fc77ee3c54e97846bbec2612781232
data/ImputedPopulationsC1/C1.31_Imputed.csv,1445245,9d62d22ae73648ea2ca5803b85f933f55c2a6d9373149b8df2ebfb41bd546dc5
data/ImputedPopulationsC1/C1.320_Imputed.csv,1106269,0793584dcd818bc61a28c65e0e184b5d8c200ac57ffe9c4683377b00c3853fe6
data/ImputedPopulationsC1/C1.321_Imputed.csv,1380231,402d160cdf50bd4e5df86ab5833db8ea7bbaf7ad7c55bb2db9aed49e7dc280b5
data/ImputedPopulationsC1/C1.322_Imputed.csv,719818,29de57364b9293b1cf40a1da69aeedb113170395353a04af0d9d11fa5f4a0d9c
data/ImputedPopulationsC1/C1.323_Imputed.csv,1295997,1c3c537bb37f89877ab76f085b704a5d1e25fa450fcc41e4893f1d0bdc4007e1
data/ImputedPopulationsC1/C1.324_Imputed.csv,1396183,c02321383c7ab2b7e2430938eb77d2ac7a5cc5b95f0f2baa2946e2040b806edb
data/ImputedPopulationsC1/C1.325_Imputed.csv,1345507,5f060caafc4324296878c5b8ecd0eb8fcec99d5b763078cd9b76af91aa68650d
data/ImputedPopulationsC1/C1.326_Imputed.csv,1389015,5fb31fceafbe0ce6cefffd44a6b005785f6e81b133281149ce2d89ab7d868a88
data/ImputedPopulationsC1/C1.327_Imputed.csv,1068278,d26fdbdf29fc0c8ecba1994f0bde921fc3c42554e0df0da266bb7c9b5c8f53b5
data/ImputedPopulationsC1/C1.328_Imputed.csv,729075,b61bf0ebe36e9a4ea190abb120b0abe4beb702faa57e9e14b752148a1979df47
data/ImputedPopulationsC1/C1.329_Imputed.csv,1409977,c6693c41d4ff4dcf98d253f4fcde8865cdcd9f1ebdc3f6bf62035a368b8041e7
data/ImputedPopulationsC1/C1.32_Imputed.csv,1325252,6c53f921ad3a2e42f7b1931cfe9747fbf391af91c3e7574849d451d3213f55ce
data/ImputedPopulationsC1/C1.330_Imputed.csv,1408283,a0d16832947918c13520b981a4c689af5413643b8227325de6e2e143d6bd447e
data/ImputedPopulationsC1/C1.331_Imputed.csv,1419083,2261b30f723c1c55a901dddff5009fec7a4fed02f0d4da5b7f7a5175fc105d6e
data/ImputedPopulationsC1/C1.332_Imputed.csv,1416472,e8ced8bb4966cf6bb6f6587464a7e312dcc59a9a85b929e495115c7f8f174e09
data/ImputedPopulationsC1/C1.333_Imputed.csv,1381880,b0fee69f5c12b1b5445782ade5af6ee464a5346a25f3d8487a4450efc7865ef3
data/ImputedPopulationsC1/C1.334_Imputed.csv,715271,81f6090f27276d0aebe3794d7bb1ec96be6dfe9f1cd149ac0fe8edeba9db09fa
data/ImputedPopulationsC1/C1.335_Imputed.csv,1340725,2c519e38806d5a8be71281b423eacc2666f9413b13ba2914d3fac244c4e9cd64
data/ImputedPopulationsC1/C1.336_Imputed.csv,718853,c7fa6a833a4b2bbf194c77bdd733f4e8dae75ac42d3dd9a59ff8ce4c03312d55
data/ImputedPopulationsC1/C1.337_Imputed.csv,1225279,03590df37d0a6dea92232440d94756bfdf3898ee31c9e4228eaa8e78d62c0a1e
data/ImputedPopulationsC1/C1.338_Imputed.csv,1133395,59f0629dea7acdc3effe45e249474fda47a1f1d8f531037949d6de126298d931
data/ImputedPopulationsC1/C1.339_Imputed.csv,711553,21ac23e08c2f811f30255fa41ff78c240879ca71dadf1d732a2f0ac4196affcc
data/ImputedPopulationsC1/C1.33_Imputed.csv,1369989,63ff2254f59d41508166153e153fa7175516b74a876b6c4fbb90bb8a1769f0ea
data/ImputedPopulationsC1/C1.340_Imputed.csv,1395904,0fc433f8705b377243666211e7ccee4401e74cdc9a2e292f83919baf870acf93
data/ImputedPopulationsC1/C1.341_Imputed.csv,1400212,edbb9877b5376261cfb9b8fdf6f603f42d18272e9552dddda1f57b666c6155e1
data/ImputedPopulationsC1/C1.342_Imputed.csv,1143111,062374bbd24a034026c4d3144250c10beee67deeed9ed900452fd6314d2ce46a
data/ImputedPopulationsC1/C1.343_Imputed.csv,1364800,33f1f3019dc1cedc973a6fb78cec32ee4ad8d5bd408d9c77b1d2e3739bbeffab
data/ImputedPopulationsC1/C1.344_Imputed.csv,1384009,75f89fa37dc83a84c16a154b60bee2ab4ae97b04889b46c6909971e9bd66e096
data/ImputedPopulationsC1/C1.345_Imputed.csv,1219498,65d296f7737b34113a10d0f7099a296b70e738542e599a6c7d2f3577459a3903
data/ImputedPopulationsC1/C1.346_Imputed.csv,1250702,5c9bfdc2b0ecbfbbe9cfc9dabce821527410892bba7eb26b01d6f0f1737581c8
data/ImputedPopulationsC1/C1.347_Imputed.csv,1103707,1160ad13048ef7f733ca9b9ef1deb11719012e519b8f3df7491479d6425e5415
data/ImputedPopulationsC1/C1.348_Imputed.csv,1410507,216ed5c9297c8835638d1d310a14e15ba01e2cd0f17a29d611d55d772f0dde4f
data/ImputedPopulationsC1/C1.349_Imputed.csv,1370389,3bbdf9594c99e53fa11993f45a452bc3f39beebfcf92f516c18cb6837b71cc16
data/ImputedPopulationsC1/C1.34_Imputed.csv,1332823,01c35b29c4d3250332ac5510caeb9b29882b6982a94deeff29c754267cb56b00
data/ImputedPopulationsC1/C1.350_Imputed.csv,1377568,31ce2dc44647fa20f84a53c47ba500bfa9ee18e1940a94f050fd94ae7a98157e
data/ImputedPopulationsC1/C1.351_Imputed.csv,1375573,cc6afd541c341408ac4c4b7cbd7c807600c63e628d96c8bd8188830b649b0d65
data/ImputedPopulationsC1/C1.352_Imputed.csv,1138262,9b639c1f7153092ee833c90d282d22e93e32dfdad00fb29162540248e0f46281
data/ImputedPopulationsC1/C1.353_Imputed.csv,1309322,ba75f8f9268ed0ea6e3b9cea76d0c8767f7459d541b2e35d596cc29921a0d9ef
data/ImputedPopulationsC1/C1.354_Imputed.csv,1411827,a3320a6329573f700ef7449e88f14b717633057f0d56f24044ea57b4ae9ff1ab
data/ImputedPopulationsC1/C1.355_Imputed.csv,1403689,0283cf21d564b167e9448dd44333b0fbaa435c2dfb8814717a19cb6ad1cbbfa2
data/ImputedPopulationsC1/C1.356_Imputed.csv,1401549,7a0fe9688d3fe10c3b7ea5d1e9b93ba99d56dd537f5119d0a5e6dff10c380a08
data/ImputedPopulationsC1/C1.357_Imputed.csv,1306409,cbe02ae4abb91205b63bc7a2ba4e5b86e7e14ad3531177a560a6fb9a9180d067
data/ImputedPopulationsC1/C1.358_Imputed.csv,1197551,5d3fc688d71256f0208ba046ee40a04427134a80a194bba54409db1271f9b274
data/ImputedPopulationsC1/C1.359_Imputed.csv,1397924,cadd0467c4b263b070b5f45d2e32a4692d08c14bf3c2bcfc2b7994a56fa43c75
data/ImputedPopulationsC1/C1.35_Imputed.csv,1328524,41d654e839c19424c7f9ea177737a32c1b32a32ad629a06a2fad10da1cb485ec
data/ImputedPopulationsC1/C1.360_Imputed.csv,1176439,45bd03f3127627cb9c2f967f8fe4aa1de370130c678b738e34231f92fe418245
data/ImputedPopulationsC1/C1.361_Imputed.csv,1338168,cdc65a09da30d920e5125c3599f58c3ba66a3e25452e079a11159d55672adeee
data/ImputedPopulationsC1/C1.362_Imputed.csv,1385644,763d3cb5057aa0b879bfa98d130ce3b7b4cb5e6c65924fc875c2f17f1c10b074
data/ImputedPopulationsC1/C1.363_Imputed.csv,1373794,e610383d93b656412cd6a9966ed302a51c4011a106ee73ece45716bfe4f18408
data/ImputedPopulationsC1/C1.364_Imputed.csv,1416859,b1664a633a1dfaa29ee860df7ad0ff8d7dc6fd7573a9e284b683441474fa7b4c
data/ImputedPopulationsC1/C1.365_Imputed.csv,1377992,cc99cfb59031cc70cb87647fa3552fbf626b270eab3ca226e209631c65138db2
data/ImputedPopulationsC1/C1.366_Imputed.csv,1417257,75d149785ee40b301ef4a6f458c6e6444c4b2716b5f663bda850680edee1a2f8
data/ImputedPopulationsC1/C1.367_Imputed.csv,1407062,8c0259b632fb3729b2375c9f65940d84127dd7b8b824c28c0ca9485475cf21f6
data/ImputedPopulationsC1/C1.368_Imputed.csv,1320429,d38f12602c42918ccf0935115cb0dfb1be81f53244d7f6399ebf95dab1d1d58b
data/ImputedPopulationsC1/C1.369_Imputed.csv,1417476,f7758f7a341ef3c82fa562f2ce226796d53c44b5cd1b7e51e8a8dde5b1a96c3b
data/ImputedPopulationsC1/C1.36_Imputed.csv,1248929,66f253cdc62104fd45b9816ae1aa5823fc7f0a631a8fdae2f9daab4058834b68
data/ImputedPopulationsC1/C1.370_Imputed.csv,1403162,21f49a4d88c78c98052eebe4bcd088ed0303a463d96542cd09b9341c55284a8d
data/ImputedPopulationsC1/C1.371_Imputed.csv,1388128,34b91642b2a19272fd90b8d3a181d1fd044b61dea3d49f43888d458c9d6f4224
data/ImputedPopulationsC1/C1.372_Imputed.csv,1133680,f522ddb4d87d11c25ad461c1f4316735ba2a2152d05a9b6766db318bf7bddc16
data/ImputedPopulationsC1/C1.373_Imputed.csv,1372153,8b2e57a79f64ed6c07565cc84566aab8d43611235176127428df41b1e4e3af4e
data/ImputedPopulationsC1/C1.374_Imputed.csv,1338168,cdc65a09da30d920e5125c3599f58c3ba66a3e25452e079a11159d55672adeee
data/ImputedPopulationsC1/C1.375_Imputed.csv,984022,488f7458b2fd9ab6661a4c0b2588403e11accc72fcfb7f301824d63eb9803db1
data/ImputedPopulationsC1/C1.376_Imputed.csv,1242653,a1b6908f665ce9ebc1949e08386e97090ae6d4339f19ed8845044a27dbe63ffd
data/ImputedPopulationsC1/C1.377_Imputed.csv,323800,8f758937ba9a76c8253ff167bfe1c1a7ab83132626c82f20fade8d574a0de6ce
data/ImputedPopulationsC1/C1.378_Imputed.csv,215876,2970ea08fe8de6aa8a4b8981447d06c1b1a698a6cb2fc10992653946c916ebb1
data/ImputedPopulationsC1/C1.379_Imputed.csv,510076,79a995248c26298fad95f5517da72aadb916f477ea87257bad191962e565245b
data/ImputedPopulationsC1/C1.37_Imputed.csv,1327034,82e395e748713a49694fb362bde749ea29c9fd129b22eb83cc0ab17691bbc984
data/ImputedPopulationsC1/C1.380_Imputed.csv,964234,c643672d1fae84d44755f83e7169c2add95267c447a41087103ffda28b0c5849
data/ImputedPopulationsC1/C1.381_Imputed.csv,907634,2fdfd95467f22491a7daaa91749893fcac2d648a4e6e1b173baa33bc75dd586d
data/ImputedPopulationsC1/C1.382_Imputed.csv,557846,93e168e4f01e34b01b6c792f8b90f585419c1912204809e03f1f9772f82d624a
data/ImputedPopulationsC1/C1.383_Imputed.csv,907557,8f3a1df6292badca7ccd0f247ddb17b08e23a41f0050a80f961deab183f0bdbe
data/ImputedPopulationsC1/C1.384_Imputed.csv,1047810,573b0668c5cc13e589485c724a63c50aefa650cd396bbc45cb1236ed0890d430
data/ImputedPopulationsC1/C1.385_Imputed.csv,564514,0ab4d0e3b8fe49aa0f53c56fb8eb54e48a355e09cd135a3687bc588f97ca0221
data/ImputedPopulationsC1/C1.386_Imputed.csv,707310,51c9d266e7cc5420352804b0754c9ebbd26ea4a97edfa4a9dbd37c3874e4259e
data/ImputedPopulationsC1/C1.387_Imputed.csv,1077778,a8376e87354364548034159cf8010ffd95514142c56bbb1720c5d3607e56b4e2
data/ImputedPopulationsC1/C1.388_Imputed.csv,1078231,4914184f03b33acf1ca2cb0538bb23737f0ce6edbaf225a24237bcc3793f45a1
data/ImputedPopulationsC1/C1.389_Imputed.csv,1283673,faf8c8256b6e01fa4384187cf5813e26c4961c6b2648f5fb152e8144943b697e
data/ImputedPopulationsC1/C1.38_Imputed.csv,1305731,de69dce6d3ac52ec18c857485809a6943950a3a9cab139c78798703eaebe497a
data/ImputedPopulationsC1/C1.390_Imputed.csv,1056624,3543786abbd33523ba3956978099d3c0d5e059d52297bcededae1861ca077bff
data/ImputedPopulationsC1/C1.391_Imputed.csv,546521,3fb7c8f1ba662ebf603d714ecf028ab7fe043e8870183e761fb9fc78143f7731
data/ImputedPopulationsC1/C1.392_Imputed.csv,510651,ea4f82168b712a946c13d3e5a40a2f30db53f2f109ae22452981088fd146fb26
data/ImputedPopulationsC1/C1.393_Imputed.csv,699437,bc904b8358f800f70a064f847e2a2ab831b8f08f9210abf8f0ec1ff1a8bac75a
data/ImputedPopulationsC1/C1.394_Imputed.csv,636372,f9a540d1c54efb121ef82bf27133c30db857b8ba482937710219f1312ba348b9
data/ImputedPopulationsC1/C1.395_Imputed.csv,399497,d409f8ca7c66a6e5c585b38536f3f0b99ee3cff770a34305cea06c4cb9c6f965
data/ImputedPopulationsC1/C1.396_Imputed.csv,1347343,6a06f6fb77374b008a39296f644cd77160b247c4c264249e5a746226f431ba04
data/ImputedPopulationsC1/C1.397_Imputed.csv,1076377,2bb7bae5f0918e82ff273211eefafcf0629bda0137c4caa5d949d236a26eed9b
data/ImputedPopulationsC1/C1.398_Imputed.csv,1088606,b53dc76f7d391d5ca6b3858b07ab6b950ac531e66f8e90db82c418ff4d64f5ad
data/ImputedPopulationsC1/C1.399_Imputed.csv,465153,0d8b4000c8ba02ceaf1ea9864ac03b21ec9068e167d1315a84a580e310491eab
data/ImputedPopulationsC1/C1.39_Imputed.csv,1259824,8c322fb9a72de20d9da12b243221456952995f9471c80cc06755c08ac4ffb3dd
data/ImputedPopulationsC1/C1.3_Imputed.csv,1401684,ae66dd9e34d962c5e022cce4ba6a1b772c083ad7130b1507cd3c8d3eaf6ec857
data/ImputedPopulationsC1/C1.400_Imputed.csv,870325,fa029140df38a837bd0a0cb2550c32df8eb4bc40665387f74af40ecd3aabd07c
data/ImputedPopulationsC1/C1.401_Imputed.csv,591800,c522849ec8d417c9bb1b0fcf884ae9e8524cad7b8ad3eddde4d5d2773ca278e1
data/ImputedPopulationsC1/C1.402_Imputed.csv,702810,e72fa9b34540afa2ee528c7a8d4807163182b8c1e2bd1fc3583778fce215ec82
data/ImputedPopulationsC1/C1.403_Imputed.csv,895598,2dd601cfc889e83dec09b10e5c1baba1586094353dc3318b72d312ad5814cfe9
data/ImputedPopulationsC1/C1.404_Imputed.csv,1010185,75c846cabccf0075c034d26aa70e5bf662d06a8b1c7b3f9f78a70b2c989b0df5
data/ImputedPopulationsC1/C1.405_Imputed.csv,586760,b4c361c3f7ebf80b2f4577a5b4e62ea10b315acb19e6126bcadffea3752076a2
data/ImputedPopulationsC1/C1.406_Imputed.csv,1394205,006ffda8fff17fc19cad5af8730bd1907670ce7c50bf57bffaeaf752b918e67b
data/ImputedPopulationsC1/C1.407_Imputed.csv,692149,d6527214858a0e42ed9cdc4300dc5382d660cb50960a68d95ae6c53b28a9b2e6
data/ImputedPopulationsC1/C1.408_Imputed.csv,593914,de8520d1994feb46ae09a8b00957041aec73f686d28ed783797b0bf60b9bcc34
data/ImputedPopulationsC1/C1.409_Imputed.csv,697757,21adf1d78bb41efeb724931179b921e4471e287906ff81b1af861415b8dff6fe
data/ImputedPopulationsC1/C1.40_Imputed.csv,902306,ef0aa53f9ec085b0d76423abc2d3b5caa99cb6bac4fa7357140aa8783c06af40
data/ImputedPopulationsC1/C1.410_Imputed.csv,558620,841c7266d13ef2df9d0220aa7d74e9b88affda9cd58ec198c9f1d770737c388f
data/ImputedPopulationsC1/C1.411_Imputed.csv,701569,72c96857901673ffdf20a1ea5c795d4d242f39c1b17b38d967791c4855fdbb7e
data/ImputedPopulationsC1/C1.412_Imputed.csv,1087846,9a57d916b86b72391221b2a75422adeeade7aacd968b0c788193ec253ea7b5cb
data/ImputedPopulationsC1/C1.413_Imputed.csv,608218,5104dbfa096110f3744e1cc329fb0abdb9d90969017f176025048285b9cfd4a7
data/ImputedPopulationsC1/C1.414_Imputed.csv,704510,4ab5069c1d1d77a6f3f9672c7e880c05c8cc148c84522e166ccfa988fb848166
data/ImputedPopulationsC1/C1.415_Imputed.csv,612868,f0564bf261617db47baa2c970b825a7503fd941ef6319e9c765c3e8176cc4f50
data/ImputedPopulationsC1/C1.416_Imputed.csv,1292668,bd53afa767bd60cbe7df2b84d56fdf7a2e69a0b7f8aca241b593d74e91f6e1c5
data/ImputedPopulationsC1/C1.417_Imputed.csv,1105960,fd698c0001dc282867bb222dea43310f6dbda61c83bc73ba2ebc13868747fe36
data/ImputedPopulationsC1/C1.418_Imputed.csv,662181,a118eb895732c6f6e0edc95c2e38b61a2dcde22fbda9e664ef58b4ad9f81501e
data/ImputedPopulationsC1/C1.419_Imputed.csv,587548,6f495759a8c70107e2a73094cfcba743e15889741d79c51ebd8afd8f2c892222
data/ImputedPopulationsC1/C1.41_Imputed.csv,1290811,76d7afba135f45fa227ca3e2395276dc5899e632c4e6d023fbca6d78a8074e77
data/ImputedPopulationsC1/C1.420_Imputed.csv,456161,4a08e568ef18e341991bcc0006d60e7b184567d9bef4542845163450eec543ed
data/ImputedPopulationsC1/C1.421_Imputed.csv,987149,0b11a807ae44d7b656a00815f16aac96da4713bed501768ff6a16d0fdc11b465
data/ImputedPopulationsC1/C1.422_Imputed.csv,1044255,dfcbf48b36d2934abcc7b8887f3ba9b867d4a0b7699bcf39c672a09ab59a9d08
data/ImputedPopulationsC1/C1.423_Imputed.csv,899579,1a2d636716683c20fb1f12d2496af353d2db3c041b2234fddc23ec86d4e23541
data/ImputedPopulationsC1/C1.424_Imputed.csv,699983,00f009b3c39f9709d433e1388c2387b1eeff2ae878f3da1bea823cc0b57e601b
data/ImputedPopulationsC1/C1.425_Imputed.csv,619308,cd08338f6839e56d5eabf351ea3e745c046f303c88bbb7a17961491554eddf7f
data/ImputedPopulationsC1/C1.426_Imputed.csv,697978,b8da85d0b324f7dc10c9aa0bd13142fe6d46197b40ad0b28733f3748b16cbbae
data/ImputedPopulationsC1/C1.427_Imputed.csv,357804,1e07acb686e00cf6a40a9ca7b4a07650bd70de004d1c5a0e82d9e127f4263087
data/ImputedPopulationsC1/C1.428_Imputed.csv,562941,99ddc6b9a6d3db2dca4c08aa7d95fc89ba31566e49b28b181483f2bdbef0f2c0
data/ImputedPopulationsC1/C1.429_Imputed.csv,693309,55ca279e14446e7f8c4f764a03f4588a03818e93e6a2a20f32fa2edd33d3af1d
data/ImputedPopulationsC1/C1.42_Imputed.csv,1310318,b3b17f5a35cadb3ec9cba65b5c5b1c9c37809cc909852b768eda085b94d9e2ba
data/ImputedPopulationsC1/C1.430_Imputed.csv,815924,12197eab753b75f41e1b3bd59551c250e0c23d7f05e2bc784895e21a5a3e6829
data/ImputedPopulationsC1/C1.431_Imputed.csv,560490,c80356d07349e3f74dfe32210a0812d29db3d33bf6ef4987fc19ba3442d87b59
data/ImputedPopulationsC1/C1.432_Imputed.csv,1388044,1304c6b591da72586d6c651f8c5e1604c874d4fd99a5d92355321c446893f9d4
data/ImputedPopulationsC1/C1.433_Imputed.csv,710115,de01e8f538142d67891e3a9300b57231f043ccaf4f9a53fef5d8713a85ec046b
data/ImputedPopulationsC1/C1.434_Imputed.csv,1252951,2528c576cae0966a871d2081458805c87b778cd7467fa5b56cca44da5482c1d7
data/ImputedPopulationsC1/C1.435_Imputed.csv,1083468,43be1381f9263d3b282b264898f8f54432354f8f8dde59fd8e979fa01e9a693b
data/ImputedPopulationsC1/C1.436_Imputed.csv,1100715,f66b758ce870770c181f089951af34209961475bf30d9a00a0512d0802083827
data/ImputedPopulationsC1/C1.437_Imputed.csv,1165380,20f6e99117dc1ac7d0608ed44b855e5b93ffbe8697f74f1142ec44d32433ede9
data/ImputedPopulationsC1/C1.438_Imputed.csv,1355931,641d365d14479e20b04feb3cf8065919bd383710e60021b08a7cdf2866e0d405
data/ImputedPopulationsC1/C1.439_Imputed.csv,705498,9f5125e58eb40a676349a2ca93cc0fbe1aa713b140bed5e135d68e70761e307e
data/ImputedPopulationsC1/C1.43_Imputed.csv,1036835,ab328100e3e9e2e5270d22768df0b33a3504672af0a13ca1e0bd69bb767c9f3b
data/ImputedPopulationsC1/C1.440_Imputed.csv,701730,38496a51ac725d8fe3bcf14b1a0f279ac408374c35d376417bee394e0bafbbd2
data/ImputedPopulationsC1/C1.441_Imputed.csv,714376,1ce85aa8daf77461184e7aac1b6a9449849aae5b7cf80307f38e281f6a20205f
data/ImputedPopulationsC1/C1.442_Imputed.csv,901961,958443bbbfbd134dad4f4451855eda1f8c819f70c11f325ce15b7cc491ab71ea
data/ImputedPopulationsC1/C1.443_Imputed.csv,547012,9554d6b7a9d900af0464d5460b8a592771d2abe7de6d72820aa983bde6b5f4b6
data/ImputedPopulationsC1/C1.444_Imputed.csv,1074157,ebfe2efd553e500b7b87f46259f3b2b3601d736502a8a60ffa4417d14ae92f1e
data/ImputedPopulationsC1/C1.445_Imputed.csv,1158353,ee078e89f6020b3e16725f0feb74370a6eb85851db43f4de68581225f9eb6cfd
data/ImputedPopulationsC1/C1.446_Imputed.csv,579371,b2c977498c56ed751359222f2359981c530646239358ea66e1f73afea8819348
data/ImputedPopulationsC1/C1.447_Imputed.csv,704103,8538ec2617d69ffb069f1ff1720845bfb5bc539a9b3e769812a1eafa3bc929dd
data/ImputedPopulationsC1/C1.448_Imputed.csv,1350782,dba67fec15618008bb5e1823b0a66c126dd0e2839cd1960427858166c73c672c
data/ImputedPopulationsC1/C1.449_Imputed.csv,690763,41f409a10ac5260ee1cf68e741a4d6f6efb333458a7f16b86601e50858bda06d
data/ImputedPopulationsC1/C1.44_Imputed.csv,1329387,df5e4a10374b39105e2f9a800d8f63283337ba4450a8af3160a43df12b3a3377
data/ImputedPopulationsC1/C1.450_Imputed.csv,498930,d9d1328d085eca5b62b1a12ed8a35f0258916d99263aab9071b4963789f2a8d6
data/ImputedPopulationsC1/C1.451_Imputed.csv,703772,1326d12718da593327a0ebb612d6521d3c054a54d2a2a29a9d590e1a7e080adf
data/ImputedPopulationsC1/C1.452_Imputed.csv,1238201,2a50e759432939c9ffcf4e7b7081ee253d18201a3a0e805c1048d38d746aac6e
data/ImputedPopulationsC1/C1.453_Imputed.csv,1403784,d327deba8188bc93686dc8fd16810aec85a3612ec3dc6d16531f38bac0d6001b
data/ImputedPopulationsC1/C1.454_Imputed.csv,1293548,6e9ae2d7659b2e7d83862fca10e48993945eea46693b7cc2e58aa1e71a6a953b
data/ImputedPopulationsC1/C1.455_Imputed.csv,1055874,86b9696e12a3ad82af7e21cde6d9e59f2cbe7bcfe4aa07f8c8cc435e0f9db1eb
data/ImputedPopulationsC1/C1.456_Imputed.csv,693142,dad679a852f55a8b986acf81c074af3496be63e3f1ba06ebe8a8a2115d8139de
data/ImputedPopulationsC1/C1.457_Imputed.csv,344007,e53b3ad2acb603a4cfa417953c556bf514cbef70e4c786c27703e93b6a386b21
data/ImputedPopulationsC1/C1.458_Imputed.csv,1328689,388e8cfe2c3105973cee70e26862819888698a92257079fa83f90d80b70a2f61
data/ImputedPopulationsC1/C1.459_Imputed.csv,1241006,47759826bf53dac29d54c425734ed38962c4fe8f8b9cf0088fdd56adf321f4f8
data/ImputedPopulationsC1/C1.45_Imputed.csv,1295816,5b222c7ab7f0a1de83f7a96fa86b2d40133aa158e9df6888345f1cebbdc85c8f
data/ImputedPopulationsC1/C1.460_Imputed.csv,700632,11c58e638788360335b5b246655ce646efc36c05dade4e86e937c1c9235c5067
data/ImputedPopulationsC1/C1.461_Imputed.csv,1138542,37bfb9e740999c7177b8ace0e666e6ff2156bfeddc8551083d87c5b470358262
data/ImputedPopulationsC1/C1.462_Imputed.csv,704219,5ed3300494e2a4dcf75d832d0dabcccce4e5e39d2cacef4fd87bb957c299fd74
data/ImputedPopulationsC1/C1.463_Imputed.csv,1255519,c63869739d7220968c7184f856b2ca712a02ab4f4360b7af434b16076571a830
data/ImputedPopulationsC1/C1.464_Imputed.csv,706999,907a0581d55fef8f7963363ca31675f83d45a59d9a8ff1d196386cb381920949
data/ImputedPopulationsC1/C1.465_Imputed.csv,702461,777ba73550d2ffaa9f22f4a3be498f43c4dfb4e9c866f7e0300d2411c9ead9bf
data/ImputedPopulationsC1/C1.466_Imputed.csv,1411989,a38a86944dc956dfe72f7db060a222a5eccce658ee8f54ff78689dbce679eb29
data/ImputedPopulationsC1/C1.467_Imputed.csv,1151603,fff387c7a7893e7876b988f630160f5fce5186944122bba2e97e4ef6550a9cb7
data/ImputedPopulationsC1/C1.468_Imputed.csv,1400960,41fd24ecc82a4791382cb98ad8c804eb66c99cf60412f2ae03593496be1958ef
data/ImputedPopulationsC1/C1.469_Imputed.csv,529709,966d3538e07470df9126b15bfe31b2ea95e7c6af41d6fb713063f40820c2fbb8
data/ImputedPopulationsC1/C1.46_Imputed.csv,1329577,cfad443300c7a14a134746ca6d660dcf4538424d2de5463d91149cc16b3cda9a
data/ImputedPopulationsC1/C1.470_Imputed.csv,1390875,84cbb68fcb5e3077bf6ebc83a8e29349c83808ff0a03dc918eeb83cb4c1573c8
data/ImputedPopulationsC1/C1.471_Imputed.csv,707202,cf1d50ae0e3941e6d595de6aa8b9d101de55c30470afc8f0f116008a08bfa4a5
data/ImputedPopulationsC1/C1.472_Imputed.csv,891161,19f2f7b151e85a6b851cae4ee8a21eb13fc42d50bfe6900d27ef31a2abc4bb86
data/ImputedPopulationsC1/C1.473_Imputed.csv,402255,583c656b652546ca30508e717341f5e0e5fd463ccb5c2ee9394b432d7a4b7146
data/ImputedPopulationsC1/C1.474_Imputed.csv,1377065,2e271b02d4fa625bc321aa5f04a1313e20509a9257c44778aa78b7d0b70669c1
data/ImputedPopulationsC1/C1.475_Imputed.csv,1068360,cd58a8ff6216eb779e918804df4f05634108a9029108f74442db88a6d67d12fe
data/ImputedPopulationsC1/C1.476_Imputed.csv,883282,664e5fedaafa6bb4b55fc01e347e67f148d025d2f0115515d1e497089343a1c4
data/ImputedPopulationsC1/C1.477_Imputed.csv,1411704,79c8d4707597fa80cb6268794edb1cbda4af64936debd08384e9977175c969de
data/ImputedPopulationsC1/C1.478_Imputed.csv,574633,e6a86410fbca9118e3d0e074869312aee7075e7dface9352a9aaeca48c95f6d8
data/ImputedPopulationsC1/C1.479_Imputed.csv,1179747,26e597568db5c8e0857c1ea8a4ff8fef77a732fcade0ae48b9e01e267b060a3c
data/ImputedPopulationsC1/C1.47_Imputed.csv,1327478,e8a3bc105f7e66b0ff93f8f14adf66a4c2146ac957cfeb5e0d51a0b120b80545
data/ImputedPopulationsC1/C1.480_Imputed.csv,687408,7d7ebfd644f1ea39e715aa2914e9642a70aa9c70351ec3690461427c7994aed5
data/ImputedPopulationsC1/C1.481_Imputed.csv,1150580,caa3ac7cb2a5c8bd74eb77b8e27c35940923724d4550ba7fd5c5b5763afcddee
data/ImputedPopulationsC1/C1.482_Imputed.csv,1226174,395551623983a8575ecf3804a05dd5a4ccc7b489cb16b6144aa59aa4d4b057a1
data/ImputedPopulationsC1/C1.483_Imputed.csv,469038,bfb661d55b96fa7fdad09b4db7f4807d257ca6c5571f1573b3d211e46e1e44cc
data/ImputedPopulationsC1/C1.484_Imputed.csv,529045,867420cfb697ba443ef00cfe45cfbd00643ad70455bc423677c227ce5cea7897
data/ImputedPopulationsC1/C1.485_Imputed.csv,397810,d1bc62b310e89d3624f736e8d94c959999292721369fb2f07c2ec2e63c0fb873
data/ImputedPopulationsC1/C1.486_Imputed.csv,532810,280e646445caee2206262271e5254b9605489b6639cb350953e53a704cba6fc1
data/ImputedPopulationsC1/C1.487_Imputed.csv,561421,89c25ea1daa9dbe8b5474c768286a75da5eacc0d6492bbaff725e807e0b38b19
data/ImputedPopulationsC1/C1.488_Imputed.csv,1242951,c0e2a18b37cdc031fcb429d549163185b9b0a876f1a4f104a34de5e3c6fa72c1
data/ImputedPopulationsC1/C1.489_Imputed.csv,1071799,3a0a814e15759e1b20b570cb3ee764401e71fdbd7cfba6e10a25a330514f05dd
data/ImputedPopulationsC1/C1.48_Imputed.csv,1454460,352fbec48b2dbe91c2d3e57d911173bbfc102cf30da65ccaa676766df41848b0
data/ImputedPopulationsC1/C1.490_Imputed.csv,1249482,60c876dbbf25498b2c00f937f699927c399ea0cf5144b4694a987e0c010fb8f3
data/ImputedPopulationsC1/C1.491_Imputed.csv,580892,9c4ae7ff730e602809fe7c0f206b295627592cbd9b611c90ffdd2b2f88a246b4
data/ImputedPopulationsC1/C1.492_Imputed.csv,955458,bdecfa2e7e70b9befb1d6c5630c67b71bc2bfb2fc98c0a535e042d493a6a11b4
data/ImputedPopulationsC1/C1.493_Imputed.csv,917604,47e778bbfec355efb90bdbc88965942401ef2c24354eb486acf26d82b14c01b9
data/ImputedPopulationsC1/C1.494_Imputed.csv,440308,7a03236dc80988c270b5601d273d7ef9dcc6c9d7181c843db286d4cdf9a0a14a
data/ImputedPopulationsC1/C1.495_Imputed.csv,1387905,f4430b371ab92f524061b31a41b7110c19ed020fb8030d40956fc621a32b8231
data/ImputedPopulationsC1/C1.496_Imputed.csv,1423108,09e5b9215a2ffb6039194f539e431bf31c89c3f0bdcde06a6d4f8b616074a998
data/ImputedPopulationsC1/C1.497_Imputed.csv,1224785,caad4df185ea7c2b8e1da217e42b060e4dece9f871f2c0a0e4b2308e623835c3
data/ImputedPopulationsC1/C1.498_Imputed.csv,736172,cf3da1f6556691fe24b4a020ac39f50a7452d12bfb51f713c296961d1bc434a5
data/ImputedPopulationsC1/C1.499_Imputed.csv,1024273,2fdaa5cbac1df3546b905a28d098a414c55ea21d99cafbcd5200682a5b032ed9
data/ImputedPopulationsC1/C1.49_Imputed.csv,1308710,1767cb0ed17dd98f4c1de9f1f49fd56a0f309f85d417955b93574a8524f69e1e
data/ImputedPopulationsC1/C1.4_Imputed.csv,1031462,d7b3fa2f2f86326358508cb4e23a1913c777be2ceb7407a0f09cf1e1892330e4
data/ImputedPopulationsC1/C1.500_Imputed.csv,1077426,4c8ef1372381c4cb741f6455c6c524f6b6a948c196c0801f9fe6a40f65d9b590
data/ImputedPopulationsC1/C1.50_Imputed.csv,1442116,f19decc931b6aa6727bba14e586b913ed5d6bd7fb449605bf909761c5fe2caa0
data/ImputedPopulationsC1/C1.51_Imputed.csv,1260708,b194a04974db597063ded1d634a89c0b5938ad3783ce4b3f77f57733b09e543c
data/ImputedPopulationsC1/C1.52_Imputed.csv,1244063,a9f5d5a7bf15835ccb0c5717f05e993e61b9f03be164b17065faea5e868ef5d7
data/ImputedPopulationsC1/C1.53_Imputed.csv,1421728,61ba58f9ded12e2210262a4498fb705374b7345942325d45f71300077d5a4ab8
data/ImputedPopulationsC1/C1.54_Imputed.csv,1158443,8d7db7c1e0f0874f752a07e4bb15b56418e8c9c28b1a96e5b611c792316a5b14
data/ImputedPopulationsC1/C1.55_Imputed.csv,1337815,4aaed68794e1af27a581b1371102353dd11773d254f6fccb21cbba11c38a41d1
data/ImputedPopulationsC1/C1.56_Imputed.csv,1344300,ce86c17fb43dbb310fb932ac474d2865d8c5b1df59a9513e430ffb6d25317bb9
data/ImputedPopulationsC1/C1.57_Imputed.csv,1420243,9c3e3999772dfa6e3e606bb6c9ce2d9cb8e1e3c34c2aa726d86a9a7b5e78886d
data/ImputedPopulationsC1/C1.58_Imputed.csv,1416862,30f4b467d8231703ba47dddca1fb8593e8024034a85f2d0881d739b9e8b5a20f
data/ImputedPopulationsC1/C1.59_Imputed.csv,1416607,1df0590df5503a5ac820fd7631bd96c57f86a8c943aa718e00fc71692d46de2f
data/ImputedPopulationsC1/C1.5_Imputed.csv,883195,368cf9a7ee36cf9449ae8890ed47ed4e408daa7f52efc41f6ff98fe38377e3ab
data/ImputedPopulationsC1/C1.60_Imputed.csv,1190762,86784036db1bdfc3b1ebf84333eac00e70fff5c1ca1aece0c3fd433a1aeae014
data/ImputedPopulationsC1/C1.61_Imputed.csv,1370609,8d2acdbd17fd9fbaf4d331dba7df9d0229af59265364d2f5ce6c744d19c24228
data/ImputedPopulationsC1/C1.62_Imputed.csv,1388953,5929a2b291161ce3c562cd4435e14c2f755d9c0af6bc38d3fcdb710f224a00b8
data/ImputedPopulationsC1/C1.63_Imputed.csv,1419951,d6b93ddcfa9f97ee7dcd681241b2bf087da65886fef5bc418c1ef1ee1a533b4b
data/ImputedPopulationsC1/C1.64_Imputed.csv,1394307,bf78cb84d2932b6836f8f9a3240b769d7d5ba4eba1aa7c14b9f578cf7e3324ff
data/ImputedPopulationsC1/C1.65_Imputed.csv,1365162,9167e214b8f8a1719017a8239890dfabeb9988ba991c4bf8d287627ffa492108
data/ImputedPopulationsC1/C1.66_Imputed.csv,1389326,04cfe38a01cd359afe6ce290c1b4ea2d22c96761b03bd12515d46fd84e5d37c0
data/ImputedPopulationsC1/C1.67_Imputed.csv,1394608,6d99680483ba90ee3ca262aeee1e0fe5b5c6ef6c81e77294a175b0eed159c0b7
data/ImputedPopulationsC1/C1.68_Imputed.csv,1367209,9f9b69b46e65917ac3e1c322957a71020e87feb9f53eb8f9fbfba9661dfc17e8
data/ImputedPopulationsC1/C1.69_Imputed.csv,1355744,c0ea4960ca770ba23235d7d7fec02b630ac50196e1a7a6f84da058bc8a794989
data/ImputedPopulationsC1/C1.6_Imputed.csv,1348120,ef9e560ae95eb101564d3ebdf7085c53cb8ea4f79579750fd00423a6a40ca1b7
data/ImputedPopulationsC1/C1.70_Imputed.csv,719997,a904fdfd2a3e7070fee689f826b579eeeb3975b2d82991e087c697f29409ae70
data/ImputedPopulationsC1/C1.71_Imputed.csv,699022,c2e277243a2a738d63849fac00ee685b84651a3ba6a708ec3bab62782b05b023
data/ImputedPopulationsC1/C1.72_Imputed.csv,723925,a8294df707995a6dc58f251150451352bc6112082cb5728148243fe920cec90e
data/ImputedPopulationsC1/C1.73_Imputed.csv,1312700,0a0795b14e8fe7e018f2f01f1879ea98c1adaafee5dfab0bf68b9e9c7a4e59d5
data/ImputedPopulationsC1/C1.74_Imputed.csv,1286014,ecf5751e0637040fa5adbfe3702310b48b2deb911447a2dfa4b99dac155ef2eb
data/ImputedPopulationsC1/C1.75_Imputed.csv,1234477,6d030dce73fdf5b5b98ad11a19756f1d480466a1c421b6491e7d72cb744dceac
data/ImputedPopulationsC1/C1.76_Imputed.csv,1378043,0728e27aa53606737a06d5ae2485edd165579a54d0c868d0a3c2349fba68b388
data/ImputedPopulationsC1/C1.77_Imputed.csv,1356071,7e8210ed1607a0fcfec995ba2c6b84e2daf476a272e4149c3975583db01ccc49
data/ImputedPopulationsC1/C1.78_Imputed.csv,1176439,45bd03f3127627cb9c2f967f8fe4aa1de370130c678b738e34231f92fe418245
data/ImputedPopulationsC1/C1.79_Imputed.csv,1397924,cadd0467c4b263b070b5f45d2e32a4692d08c14bf3c2bcfc2b7994a56fa43c75
data/ImputedPopulationsC1/C1.7_Imputed.csv,1226123,2a1028cb2d95ee5a04461dd57c1dc71fb7f14844fb172859abc7b8e75bf18192
data/ImputedPopulationsC1/C1.80_Imputed.csv,1373359,18537b904da76f393feb64babc8a6f7cec475e25c7d5df2f5bd5898525ed383d
data/ImputedPopulationsC1/C1.81_Imputed.csv,1372920,aadbf8d293db0b03f1b76dae544f9a3e916ebc510d93215c135031724d1ac176
data/ImputedPopulationsC1/C1.82_Imputed.csv,1383091,4ad77a8a4dc5b441d45836d727d423172028c21177aca751459b7e6186c28d12
data/ImputedPopulationsC1/C1.83_Imputed.csv,1266401,4c965afcdd6a7141adb439748cdd8a67326357e497c38d69f35172a1143ea006
data/ImputedPopulationsC1/C1.84_Imputed.csv,1379772,9e68d349e707965cfc74924760ef3d001dc5d0f8c08aa1cd121ac04c5b6f2c3d
data/ImputedPopulationsC1/C1.85_Imputed.csv,1391222,6ea62b29ff9491eb22ae90de5d6239e5c0a1ebb8f7e1cabe4b9bfb75ff37a8f1
data/ImputedPopulationsC1/C1.86_Imputed.csv,1381647,64623aebde5fe7542350b426d52a9a47a0dd4c43b2e3fb19749d4313e261ff23
data/ImputedPopulationsC1/C1.87_Imputed.csv,1379473,ca2e9d0de67f77e791d1a249c2849ba5eb00e36ffcee15d7c6982b0d677e8a4a
data/ImputedPopulationsC1/C1.88_Imputed.csv,1390989,ab34da04970254aa30ea1a745e5c21ed74aac7094d39d99d312d8feae562dd1b
data/ImputedPopulationsC1/C1.89_Imputed.csv,1405125,d6f0fbb9db0662dcdb928841b1834aba13718b340c1ca6778d0f3e043e5172be
data/ImputedPopulationsC1/C1.8_Imputed.csv,1312875,7b84839f8809b28110f8e963ac4a6ca6f173afc83e2a8cd0a73f88a74797b0d5
data/ImputedPopulationsC1/C1.90_Imputed.csv,1333821,4b0b5366e5924d52c4996d4e7b0eb8ac309cbe6747566855fa0975b3506e1c84
data/ImputedPopulationsC1/C1.91_Imputed.csv,1404851,ebe79b028f148f4993764c7b8506b59c42da42ac493db1c8cf31b73ffd466a5e
data/ImputedPopulationsC1/C1.92_Imputed.csv,1391558,89141be8a9055eda3d1735a230c260c2171d978c0166da38b8f0d56325798ccc
data/ImputedPopulationsC1/C1.93_Imputed.csv,1411782,d7434e92a47dc0c1ec086463f5d3f292c971b6d929f90ac496198bf5066154d4
data/ImputedPopulationsC1/C1.94_Imputed.csv,1355704,923f386f188a16c8cc9126664aaf5a99733bd02ab5df1035ecf8e8080f002259
data/ImputedPopulationsC1/C1.95_Imputed.csv,1378900,e991237a31c94b152e842e6a75214875c39efbfb4ebf4a6f22a33593b8e8478a
data/ImputedPopulationsC1/C1.96_Imputed.csv,1412694,d7b0a21795bc640416dfb76b96fdaac008c54ebf5f93e1951a0c0a54412467da
data/ImputedPopulationsC1/C1.97_Imputed.csv,1409800,bff30b9955adc185527d9ad9d213b6df0d8a39ead930e5dcfc24a3d5b414d762
data/ImputedPopulationsC1/C1.98_Imputed.csv,1408154,72ea80ad9d6199bca102b9e52764d842fa3d83626a92c5aa536ad55e9fefd1c6
data/ImputedPopulationsC1/C1.99_Imputed.csv,1361300,80769c2c242b6caf1d3f9076c5ffce5ffb9bf45be3a84c86fa20a1ef21fa09c0
data/ImputedPopulationsC1/C1.9_Imputed.csv,913728,052a49a90a9468f39e984fed19cc488a47bac9e02b2f97670c00b05d35ac08dc
data/ImputedPopulationsC2/C2.100_Imputed.csv,1391954,78eac4fc43458c429c7376d03a12d858452d31f65e9686f028d1065cacd736a2
data/ImputedPopulationsC2/C2.101_Imputed.csv,1370989,ae14872dec9587fef9bc1321aee509f02c088c8aef542869378aa6bb29b5c35a
data/ImputedPopulationsC2/C2.102_Imputed.csv,1381188,096b8380a2e6ec4658b49e86db20403ac458cc948a0805853c16c516464a1fab
data/ImputedPopulationsC2/C2.103_Imputed.csv,1289708,87272ae8ec1d11eeb004b76feb6d90c8a06cc25628c824744d37f4749335e707
data/ImputedPopulationsC2/C2.104_Imputed.csv,1403562,8978413331fb5ac63cc81862611bb2e3508190c4dfb9fabe7063528397feb964
data/ImputedPopulationsC2/C2.105_Imputed.csv,1374371,c84fbc0ab1cf09f0e67317f9d9add915b5319285e180cc64e6bcdbd3f11ac21e
data/ImputedPopulationsC2/C2.106_Imputed.csv,1378581,77a2e9bb71a059fe55080a7b2bd4df28289176a5d501ad7c6a618ed494a2ad00
data/ImputedPopulationsC2/C2.107_Imputed.csv,1381958,b0083a546622ed582cd4307a824f0d978df5c96c15caee73f732f9cba087b209
data/ImputedPopulationsC2/C2.108_Imputed.csv,1378108,63ae941c1bb3700a573f0f4db2f31eaf7b69f2dfb78d7fe24cdb43f677cff3cc
data/ImputedPopulationsC2/C2.109_Imputed.csv,1367718,c27b9eb09ebb4f75659106f1bbf8f9f75bd0be4c10a55b851e1104115be30d40
data/ImputedPopulationsC2/C2.10_Imputed.csv,1326940,a0baf04478dea2a292a318622be9f019eba78d4f7ea545213513c7c63a61eb59
data/ImputedPopulationsC2/C2.110_Imputed.csv,1375228,d9b58344ff73d91fb4ca18a700f1a6bed29c416a6d0b96e88d88026d924ad9bd
data/ImputedPopulationsC2/C2.111_Imputed.csv,1385456,015d3d1e5e64ed8fba3a43e29e2d01525dc0a2353040c0c3453409a50b82ada2
data/ImputedPopulationsC2/C2.112_Imputed.csv,1406940,4a59e581bb58ff9028158550cc75c97852cd4a2902a303a9c07082b258b8b012
data/ImputedPopulationsC2/C2.113_Imputed.csv,1371421,bedb23898fb574ca6d3fa2a41b76c99165d2a2bd0984114facea37babd4b1e4d
data/ImputedPopulationsC2/C2.114_Imputed.csv,833962,a7f648bf31d8ce6897a02eac97006adc3826a19e088f02f37bd906a91a5a19fe
data/ImputedPopulationsC2/C2.115_Imputed.csv,1382664,6742587dc55e1043416c497c2a4287ba674cf44f93450ccd0ca35237aad3649a
data/ImputedPopulationsC2/C2.116_Imputed.csv,1415715,038861bc3dcc234cca586bb522e7da59561f5129682a5a063cc0f2ab2968b6bc
data/ImputedPopulationsC2/C2.117_Imputed.csv,1406850,cdc1f71b9db3a2a324d220cea56447c8c4e8d315b86c7f6e280d0430be18c127
data/ImputedPopulationsC2/C2.118_Imputed.csv,1339701,b5879083564cada5f6e694712612e34ced614dd6a4aae28a48c1b499fc65cf47
data/ImputedPopulationsC2/C2.119_Imputed.csv,1399688,ddda47e5f5a7302b3ef9384d67cc636c8693177040a7dc727a7827a1066733ca
data/ImputedPopulationsC2/C2.11_Imputed.csv,1248159,bc88a5d80aeba7789dbddeddda6e9b2ad3eb42df3c45c1d0427bfcd1bf9115e4
data/ImputedPopulationsC2/C2.120_Imputed.csv,1394477,9f1255d5417d46e4eddd530df67f249ec8b7632e1f095b06904e77d2898791bd
data/ImputedPopulationsC2/C2.121_Imputed.csv,1392787,886945eb4af78d8bd2106f6d4c25f34d6eb85ce7a32078e183f86c041426601a
data/ImputedPopulationsC2/C2.122_Imputed.csv,1249178,02b6acd85c46cf95edce1161716682892a093ad6c5a19019795277765b479fe3
data/ImputedPopulationsC2/C2.123_Imputed.csv,1379005,fa795bc572c1c51c44927bfa7c53cdc9089aa177e5c58de6af431f3f4dfbb94b
data/ImputedPopulationsC2/C2.124_Imputed.csv,1221809,f91ab1ce845e2817dae1a3eb0cc12e8761a87e9a3ef41db45c02cea449bf9336
data/ImputedPopulationsC2/C2.125_Imputed.csv,1040179,7bf5b2057e51b50bcc92d595bf0937ae862ee58e8f3ebe1ab52b8c50fbbea2a0
data/ImputedPopulationsC2/C2.126_Imputed.csv,1370430,418c622ca1787c67022e426b52873f5ac9097882ff10e6ca0bd3f6e230971a83
data/ImputedPopulationsC2/C2.127_Imputed.csv,1178694,aae0816f07077c17f47baaf4f5fa0266a524a6a43a2827854df1df1af857facf
data/ImputedPopulationsC2/C2.128_Imputed.csv,1200338,ffbb7fdc77be5b051455b6979bb333f89946476a78af90e36a5388e622a353ca
data/ImputedPopulationsC2/C2.129_Imputed.csv,1223523,3c981cc32c6b2349a9b80e2721f2d58d85e8e3770b8a76018d641bd0a622a030
data/ImputedPopulationsC2/C2.12_Imputed.csv,1341211,87533ddf2b1fdba2eee672ee6d8be8192ea97af52ffd1a2e98f2a8188bb9104d
data/ImputedPopulationsC2/C2.130_Imputed.csv,1355733,4d746a40f4ec9b47fbea21c07ddbe8cbf553a90e0c16883717e6d6dd2d68e96f
data/ImputedPopulationsC2/C2.131_Imputed.csv,175179,f4ff153077cab428d8b79ef653f2331b78888bd82bccafe67bb8411aedbc38bf
data/ImputedPopulationsC2/C2.132_Imputed.csv,1410653,b7098ba8e5ccb7e4027dfdf7d79ab8a414cdaf3f9a470d4c452a381eaaef825e
data/ImputedPopulationsC2/C2.133_Imputed.csv,1372505,03540cab89fdf1d2c38b57b5ecdc0a6540b2fc32cb13de0502e276cd3fc609f2
data/ImputedPopulationsC2/C2.134_Imputed.csv,1297575,0a9d0e297c2d68d8228f9da066028d5558c639b43385b98409f35d04b818133e
data/ImputedPopulationsC2/C2.135_Imputed.csv,1432331,2165f0348f84f967f220053a9032a31ac5b910af2b9a85edea99032f5ed3ba28
data/ImputedPopulationsC2/C2.136_Imputed.csv,1346073,9d847ccef28b651ff383e979af2444e1cc80fe6d7b7297a8216b7514c56359cf
data/ImputedPopulationsC2/C2.137_Imputed.csv,1119195,a69a7b54c08688b168c05ec7de47c74f56b55af1033e8431bcc8916f2c76082a
data/ImputedPopulationsC2/C2.138_Imputed.csv,1181006,fee1279b4adfaa3d6a9353f5317d5a381dd0f2b15360742d82f07c91441f7d9f
data/ImputedPopulationsC2/C2.139_Imputed.csv,1400809,7166af721a2e4e69a1693d61b9591932d978e299f0fa96fb0097e1af6542870c
data/ImputedPopulationsC2/C2.13_Imputed.csv,1314733,05fb0a7d739331cc6210386008edc48a59b02ad3b67b017075fe8dc36b5fe18b
data/ImputedPopulationsC2/C2.140_Imputed.csv,1443061,942dc0f78e812523ef289354e80888eaeabb1e0c33e2517ab58b72a2de79ea73
data/ImputedPopulationsC2/C2.141_Imputed.csv,1437873,08eb9bf3311db73d75f7c1a1c850afb18554428cf6da0676c3d75b8c093abb9c
data/ImputedPopulationsC2/C2.142_Imputed.csv,1408919,babe4f5cc04a444ef23e29a118b3f9b6ce1aa6ce612538888b41c0f22717cb2a
data/ImputedPopulationsC2/C2.143_Imputed.csv,1399116,2f6441f4861740dccf585bba1bb5685fd252da7b02cd9ba588d69f83dff701d6
data/ImputedPopulationsC2/C2.144_Imputed.csv,1409661,3a70d25c87d91c8e587a1a3548042cad63584411e44c365ab530a6be53c08994
data/ImputedPopulationsC2/C2.145_Imputed.csv,1394698,573cd06e61667fd9530bfb5653b3e638d8216117e903da3f9d9f4cd389e847ee
data/ImputedPopulationsC2/C2.146_Imputed.csv,1398344,1e104a871e4d3180214142df1961f5b678f52586a09c88137b9766764721f3de
data/ImputedPopulationsC2/C2.147_Imputed.csv,1306256,712b83d10e1f0f805840cf506344b8984f78409e4670245d9c05ae9fd8377951
data/ImputedPopulationsC2/C2.148_Imputed.csv,1393731,476d7b82d991813baeaf3b102dca5d7e784d0501baf99dc126e7a1283bd2e475
data/ImputedPopulationsC2/C2.149_Imputed.csv,1393617,1f151a8d63bf85a43f0bf64184f4f6d7def4f0e31afdebab1aeecf661b4a9561
data/ImputedPopulationsC2/C2.14_Imputed.csv,1290344,48a5243754e753bad0f534d4d13342f354faea378de25b9620de67d0ecc3216f
data/ImputedPopulationsC2/C2.150_Imputed.csv,1406632,aab48054ea9352d6d80963b922eae1f714713b0e0e046eea07ead39b8d23313a
data/ImputedPopulationsC2/C2.151_Imputed.csv,1059720,e21e4547ae0d78f70b3355313c114d25798a0a7940a29e298656fbc0e0186441
data/ImputedPopulationsC2/C2.152_Imputed.csv,1352868,20f74323059fd41d59522399b5de63df9b353f6109a54ff424b975dd119bb3cd
data/ImputedPopulationsC2/C2.153_Imputed.csv,1437309,b1f03d3a4c03f83242176d810b219205d8af46a8b97b0eea8c82e041053e5245
data/ImputedPopulationsC2/C2.154_Imputed.csv,1407527,061eadc773942c82f1f6cc42d463eca6820e8ee68018c6f33a3aed80e527a8a3
data/ImputedPopulationsC2/C2.155_Imputed.csv,1361419,5efb49118125814e40ffee3adb1b5c9915e9f9f78f904073556288e808560084
data/ImputedPopulationsC2/C2.156_Imputed.csv,1405479,0325c733db4eca17b0e7af7c41199a0601d572a57df4831083357102772dd961
data/ImputedPopulationsC2/C2.157_Imputed.csv,1379613,c3f55a117c554b26335d10136db2d2dfcb5b0280e9a9d9f41fad2f957f425847
data/ImputedPopulationsC2/C2.158_Imputed.csv,1420995,f75b278ac2e13d009f5184650f1ca0f20ef34b865f182a971c8764b9ed3322c8
data/ImputedPopulationsC2/C2.159_Imputed.csv,1291379,28116faf0aede33304cbe9e6010f542557c92145489e840614af28f12e8dfe13
data/ImputedPopulationsC2/C2.15_Imputed.csv,1305127,458276400236481b8d2776b1216cfb528a1647d3ecb30b795e57e19a7c93333f
data/ImputedPopulationsC2/C2.160_Imputed.csv,1361353,bea5d16d6f4c7c68b167eaa1674a2f335217e59b849cf74d3876eec1f0ad7c18
data/ImputedPopulationsC2/C2.161_Imputed.csv,1235158,5f765b69cd3f8eebdfaed25f63195cfbb7baac322fb52678d249bd4285c10627
data/ImputedPopulationsC2/C2.162_Imputed.csv,1403655,1291086be6cb9d078d5cc7aa568ab20ed7010a62a711b51153d1a70f187f6c6c
data/ImputedPopulationsC2/C2.163_Imputed.csv,1415177,06029c1a234bd3033daa68f71c733023d3efac44dd965306a036ea64b58e47e1
data/ImputedPopulationsC2/C2.164_Imputed.csv,1098794,a4981624f22583003688785b748f36c5ff67a41486faa8176da70eb58dab0d76
data/ImputedPopulationsC2/C2.165_Imputed.csv,1477038,7834962a01352b000bb9bb8aa10739d299c7f7fb978227a19a3824f3af1f8de5
data/ImputedPopulationsC2/C2.166_Imputed.csv,1384525,73d403b9da67a92e440a7fd4b03deb5062f661fd8e21e8934b24a301d356a618
data/ImputedPopulationsC2/C2.167_Imputed.csv,1320053,dc940dee98f38808543ecc71e5b62beb23097ed11a2c76f0050c048c1bd6a164
data/ImputedPopulationsC2/C2.168_Imputed.csv,1289927,6b6bf379bcda3e2f72652e55fc5f6c8d1d43e3e5bd1b00c5d026c9f4b3e578be
data/ImputedPopulationsC2/C2.169_Imputed.csv,1353482,d99508ac2c1971070c2d934fd25d3f1eef4ad1dc4d4a259e8a04bc214a8d9e32
data/ImputedPopulationsC2/C2.16_Imputed.csv,1027816,bb53b874891d87f8c83ce5ce3a2611d17d1fc76db2083f06c65b9191efc25306
data/ImputedPopulationsC2/C2.170_Imputed.csv,1374159,84929793edc3e1729400eda3ddc24798027c717786490fb6e8747b2fab84cf12
data/ImputedPopulationsC2/C2.171_Imputed.csv,1387982,a6738a036aeb238c52cbe2900f3fe381deaf3bdd642131e34b9bd1f5bc1d5493
data/ImputedPopulationsC2/C2.172_Imputed.csv,1427571,fe8a3e0330a5247d702f67c7a66988b19e2b1ea2cee54e67b295c53789c1c2a3
data/ImputedPopulationsC2/C2.173_Imputed.csv,1386911,179eb5aa4125a08171f787aec9357d3a325696672af7a6163273c862c1906d29
data/ImputedPopulationsC2/C2.174_Imputed.csv,1423001,377a529993385ccd84b30fb21c8e9d3d23ca4bc8f1b0b81dcf64c7387d9b1a19
data/ImputedPopulationsC2/C2.175_Imputed.csv,1394689,c792be9cce437201952dd51c5988e278e9e07b9d259b860634727753e6ec0676
data/ImputedPopulationsC2/C2.176_Imputed.csv,1285212,bef61fb77fdb885feffec1881d8333d45a63e584c547fa3940a61e36c9e9f8c7
data/ImputedPopulationsC2/C2.177_Imputed.csv,1352187,67db352323ed2443df90ee47d24b52c17f10061f31f329e4095aeae0a0d19bdb
data/ImputedPopulationsC2/C2.178_Imputed.csv,1393424,db2f7b4f5b2a28fbfb6bef15953e14b1cde4a311564b76db5a55ca6ca1f04b8d
data/ImputedPopulationsC2/C2.179_Imputed.csv,1375695,9432057259225f0775ef66091b6587dee694f199e48e204f33157da0a96dbde4
data/ImputedPopulationsC2/C2.17_Imputed.csv,1172201,02aa01b62b7ad07ac2f62a008b358ea39fc0b85faef118bd68c27c747ca780dd
data/ImputedPopulationsC2/C2.180_Imputed.csv,1367974,a1da2193dd24332319840d7755b6c8e5ae352386e73deeca48a70515122a5089
data/ImputedPopulationsC2/C2.181_Imputed.csv,1411033,47d5a63ce906dbab05d8f81719fbce91406e794e69ecc14e83fc2cc19dc8845f
data/ImputedPopulationsC2/C2.182_Imputed.csv,1356451,3119597b0b723b3e3460968af322cd507918f17d7597c3697a2e183dcfd002d7
data/ImputedPopulationsC2/C2.183_Imputed.csv,1415223,5d5c3a3a2b5743cc8e049b798024d40c8392daf908be4bdf1f981a01a51116e1
data/ImputedPopulationsC2/C2.184_Imputed.csv,1397473,1e05c5647fc4e89800969ab347c18da7d2c6d85087d39ee555bcc34f9a796997
data/ImputedPopulationsC2/C2.185_Imputed.csv,1330905,07537b51b0cd6e672494fe119331abc72a72ab625d4733a86e54a5fa7a07bbe5
data/ImputedPopulationsC2/C2.186_Imputed.csv,1336258,36585d4fda95d228c6697d6b9bfa34d80b725491d749ce5327af60c52fc37ea5
data/ImputedPopulationsC2/C2.187_Imputed.csv,1317901,7a57ef5c9beaa890f26d7b0df98b1de69c613939d53270c6f2df24b10483b6a7
data/ImputedPopulationsC2/C2.188_Imputed.csv,1415952,e0ecde929e0c2cadefca7d891d295cd98c4d7ae2f371d9922926dc6cb64d4be7
data/ImputedPopulationsC2/C2.189_Imputed.csv,1279663,1b9668351d5c19000942f4905fc36a2eb5e62cc4ab48a97b5e69f8a948633d2e
data/ImputedPopulationsC2/C2.18_Imputed.csv,1317273,76d97580b348473b1d89b8d21b58abf8f2ba7616fbb65b64cd6378b797def947
data/ImputedPopulationsC2/C2.190_Imputed.csv,1303252,dfbb7abde71d85dc3c28ba9e72d1065675b67d6b2505792796440d4749a4e374
data/ImputedPopulationsC2/C2.191_Imputed.csv,1347308,5db48bed31a484b422c18907709acbfb8a9f5a8f0087f9944dc9063b9f9d9ef7
data/ImputedPopulationsC2/C2.192_Imputed.csv,1334138,93b56e40ccf04762d690a22d058188d7561acfd49da6d7dd907a69e256646125
data/ImputedPopulationsC2/C2.193_Imputed.csv,1330796,6e586c311aec4a00cf6ed5af8b16416d2654a15a50ea80e66ba21a0656d15188
data/ImputedPopulationsC2/C2.194_Imputed.csv,1318630,b7a2c6f39aae132a137da047b3d80f9ac2060cb3010f8b97c5107a35bfef838b
data/ImputedPopulationsC2/C2.195_Imputed.csv,1208240,379e692acd5d2cb40195f0efd5dbc03f47eddb87e0fd258689d82f78c5bf9127
data/ImputedPopulationsC2/C2.196_Imputed.csv,1180137,d1c83e1844c07ea4fc48c6e8cf2a70198cccd47e06437bbacd16acfd5f924f81
data/ImputedPopulationsC2/C2.197_Imputed.csv,1605734,6725996b43827df3109b0d44ff85cd0665cea211ecb23e84af81094871012fbb
data/ImputedPopulationsC2/C2.198_Imputed.csv,1341216,6663697212c011b688f183a45dd8731be69236bbac7fb6d89774f94d644c9026
data/ImputedPopulationsC2/C2.199_Imputed.csv,710114,22afa3893e10cc9e4e9b8e89b520b8b2083d1d12559b76250e3264a690f90b77
data/ImputedPopulationsC2/C2.19_Imputed.csv,1313991,f46b81cc25126474b57b00562343c34ab42b6d5dcfc05f9ca6bc54583cd5c8ed
data/ImputedPopulationsC2/C2.1_Imputed.csv,1385861,783e374f1ad820e69c82607c20bbec4d90ed8cb595067c4aa39c9e7af3397c98
data/ImputedPopulationsC2/C2.200_Imputed.csv,536517,0c974a71fda5f9318c97118df85f31fd3d7740274cd8524f42997c47d6abac53
data/ImputedPopulationsC2/C2.201_Imputed.csv,1335883,da952ea62a221aed48733c1cefbc2fd1fb9bd5d8b43d07e41a64ba84fe55c9af
data/ImputedPopulationsC2/C2.202_Imputed.csv,1406229,f60f7f3bdc4ed6378ca8e935297687353200cde63af8cdc9ac1edd56ecf95330
data/ImputedPopulationsC2/C2.203_Imputed.csv,1438371,732a212a6bc5bda1a623d69206d2d0f2977cb16ff849050ff4406700f481bcfe
data/ImputedPopulationsC2/C2.204_Imputed.csv,1422866,e0d2d75889801a3ad5151a2d249dfccc883fcc7ebba6573c14da33afff9f3b04
data/ImputedPopulationsC2/C2.205_Imputed.csv,1348808,c3244c2901ded2a3a0f4fb104d45868e56aa95b86ea3bbdfeb07e6fec43799b9
data/ImputedPopulationsC2/C2.206_Imputed.csv,1217030,bb2ec7e662717448a8f39663abd3113b0aca875d759fb05377bced6ccf4f59b1
data/ImputedPopulationsC2/C2.207_Imputed.csv,1320829,e0e5f34b0ef737b20ac44edb4e48f18f347634f18b46910d31dad4ea6dd6f2b5
data/ImputedPopulationsC2/C2.208_Imputed.csv,1331193,cf81583cadd29d7138b33a06f4745eaf980410d0fd51cb0b86376acf00afd4f2
data/ImputedPopulationsC2/C2.209_Imputed.csv,1226912,30c087567bebe1bcf8e70397a2d4e148c2c447a1303a6043b39da876962a4bec
data/ImputedPopulationsC2/C2.20_Imputed.csv,1314701,2afa5294bec67b6f6d3ef363d374e907bfaccbe8ce39844ce781f72dcc46fc70
data/ImputedPopulationsC2/C2.210_Imputed.csv,1196695,066acb98ba02819b09e9f86a6bfe2df25dd9918d5f027542522451296247971f
data/ImputedPopulationsC2/C2.211_Imputed.csv,1327914,8dca09150fa902cda05d2be27a629f2999682e77d9679136973b08c610d75726
data/ImputedPopulationsC2/C2.212_Imputed.csv,1135312,6d2e597450b00d7b0a3150c80fbf5128ae09ca9b4844eb7f7fea973752f82fd4
data/ImputedPopulationsC2/C2.213_Imputed.csv,1412653,735f5c25be3564051a8a6921362c0250b30b777aa21595c3c9aa481619477c7f
data/ImputedPopulationsC2/C2.214_Imputed.csv,1419472,5cf0954c1da1d9244a7ed26aa2291e03e4e43681cc9417715136e4affcb69645
data/ImputedPopulationsC2/C2.215_Imputed.csv,1416781,24bd974f223dcc08e1ce8e6747ebfa33c035fc9d0cf1f7ff96f1dc33d5ecf6e1
data/ImputedPopulationsC2/C2.216_Imputed.csv,1250117,c718023988c448c034561907c8cc637d6f1049cde78532a7cac1320e56843bcb
data/ImputedPopulationsC2/C2.217_Imputed.csv,1249369,9d22e6bfcf4f235eb025f9b09647ed092d403476134b34c633b7067960208efa
data/ImputedPopulationsC2/C2.218_Imputed.csv,1315908,433beba2bdcf495ee3a9b124d7ae43b231c9d2bbdf27cfc80013462e68b1f7f0
data/ImputedPopulationsC2/C2.219_Imputed.csv,1343159,9032e29a17032ee07716b3f18da4b925b42d8e506ec3cf2d85ef6364dbc609a1
data/ImputedPopulationsC2/C2.21_Imputed.csv,1152469,426ea7131a9ac38653b949c42773d6f3d5b2af1d8e9b8ac0f80e4efd0763451f
data/ImputedPopulationsC2/C2.220_Imputed.csv,1347672,4c29a11e7e1218043ae0cc167eedf2b6ce461e2039f364df508c8794bd43dd86
data/ImputedPopulationsC2/C2.221_Imputed.csv,1420328,b675c31106f3c982ad1367b76383fdc390144b2f6ce7e2d7b4001d46aff7547c
data/ImputedPopulationsC2/C2.222_Imputed.csv,1348659,3caca7eae57a0cfefb713509b8ed0593b359bbddce8ddaf0e1e52191eb10b3de
data/ImputedPopulationsC2/C2.223_Imputed.csv,1217030,bb2ec7e662717448a8f39663abd3113b0aca875d759fb05377bced6ccf4f59b1
data/ImputedPopulationsC2/C2.224_Imputed.csv,1348808,c3244c2901ded2a3a0f4fb104d45868e56aa95b86ea3bbdfeb07e6fec43799b9
data/ImputedPopulationsC2/C2.225_Imputed.csv,1307254,8616cf9debd556944529cf3e7b04ff6d3cd542a7b4cd0d26ae56a90151913e0c
data/ImputedPopulationsC2/C2.226_Imputed.csv,1326496,078cc6fa8c6dc78c2ddeb92293a8514fc78c59afedcf930e38e6da56bf3b4882
data/ImputedPopulationsC2/C2.227_Imputed.csv,1308759,6544010a842127509bfe083ebaedf080bbee8e74bab98ba2ba4c5be1c7e57a56
data/ImputedPopulationsC2/C2.228_Imputed.csv,1324396,692eb5132bfdd37db0d01ac7cc75437554c0fd77789d93aecb6c5bfc84454861
data/ImputedPopulationsC2/C2.229_Imputed.csv,1320829,e0e5f34b0ef737b20ac44edb4e48f18f347634f18b46910d31dad4ea6dd6f2b5
data/ImputedPopulationsC2/C2.22_Imputed.csv,1260755,7ee079e54cdf8b9f8c028afc92ada7c6d8e63ef41ce6ebecd30c81488513d8d9
data/ImputedPopulationsC2/C2.230_Imputed.csv,1241030,0147f36d82e1a5a1054b9ed87277e0cf7c3d2886bb4589eec0f7de959010289e
data/ImputedPopulationsC2/C2.231_Imputed.csv,1324243,bf299930a9301a372a4ba821d5bc74ecf8ee0232d3222cf18296ade8b905994d
data/ImputedPopulationsC2/C2.232_Imputed.csv,1207765,96354fcf3922b1e5a6da0b0c2ef7329c4e1ba96eaed098de6e786eb1640aa2e1
data/ImputedPopulationsC2/C2.233_Imputed.csv,1307624,a2124aac5b3fea11acc5b629efa33de91a5cb098df7a9ff4137741b46dd3c4ff
data/ImputedPopulationsC2/C2.234_Imputed.csv,1403474,09fee05719409e1e794a608b33d5448921d95a806d944532ba5dfeda680bc9fa
data/ImputedPopulationsC2/C2.235_Imputed.csv,1408203,14aa21faa9196acb056e9792bfca13c82b0d2c36f2a1fa8ddbea1b12e8e69783
data/ImputedPopulationsC2/C2.236_Imputed.csv,1383202,24e0f51e7e9a3628b345105772d95fc4219dad813dc24a1c38349981b598bc31
data/ImputedPopulationsC2/C2.237_Imputed.csv,1410232,3bfd35007fa03f84a5cb22fa87ee13ba467e60983e46e3b82277ef928e14a201
data/ImputedPopulationsC2/C2.238_Imputed.csv,1422006,a095f84a54955d821b3fb94941862e211972d85af9e0d7cc59dbb0fc6f47179e
data/ImputedPopulationsC2/C2.239_Imputed.csv,1394069,85a387cee5e663c6a4b3bf264d0e4af72d395ff5d6aeacc5dbe53c81e8a4ecea
data/ImputedPopulationsC2/C2.23_Imputed.csv,1394941,5d6a23aea642bfabbe17118fb7b843c708dc82edb36b7f195f3d8439363dd4cf
data/ImputedPopulationsC2/C2.240_Imputed.csv,1315597,746de7b11acda2991f45479d9f004e670800b1d3975fb100b7072f3262034538
data/ImputedPopulationsC2/C2.241_Imputed.csv,1385482,73246d177865623a1a65f1d9954b4b446d5717ce2abc672aeb8417d7f6114c3b
data/ImputedPopulationsC2/C2.242_Imputed.csv,1400696,1d765ec210d53e279e3a415af90db78a5a0630924a58296ef025311ec41f300e
data/ImputedPopulationsC2/C2.243_Imputed.csv,1406674,c419e2ea19e95980c74c62fcc41f86da83825c54c4aec143370f476d5aaecb67
data/ImputedPopulationsC2/C2.244_Imputed.csv,1406778,5ecf16b27898be68923704b62b5db3539e0377521ea894146a74ce654dc5c9b1
data/ImputedPopulationsC2/C2.245_Imputed.csv,1410338,c66635409bb35019f29cf2082870eb0cd86a30c8c572419b221a330a82cf71a5
data/ImputedPopulationsC2/C2.246_Imputed.csv,1397361,dfec6a7e7b4a2bac160aa2cb10d4414324109ff42bc35ed01e1015a4f4e334f2
data/ImputedPopulationsC2/C2.247_Imputed.csv,1408471,cf73ecc08b88d777863899fede88a16578f8117ca3ccb291d6b3fe2d819d0202
data/ImputedPopulationsC2/C2.248_Imputed.csv,1418544,d3fba7a2199a5a24916886f4e7647f63b07ef95f4b88d65d50b6aa5d8e85daaf
data/ImputedPopulationsC2/C2.249_Imputed.csv,1380424,1dbe48f2b2356fa0e92414f52821804b6e1e7bee08018bfe9e0cad082f9d1d66
data/ImputedPopulationsC2/C2.24_Imputed.csv,1341180,79c8f1953fb98add964947a69fb51664fafcf65b788e50420b840f8a4d3d6965
data/ImputedPopulationsC2/C2.250_Imputed.csv,1402896,216dbdc40af1fe8f41e94ad3b5b793cbb951b7586956e8fa3ce0a37f2c7fa542
data/ImputedPopulationsC2/C2.251_Imputed.csv,1404652,07ce3a0d51c1b642124d5f48b539d785bf0e365367377a8b34e59dcc7ef10ea4
data/ImputedPopulationsC2/C2.252_Imputed.csv,1317041,181f1410ec64c6b3f3536ed54a68802ea6882238ed28abd9cbf04af957b856cb
data/ImputedPopulationsC2/C2.253_Imputed.csv,1356317,3e5dfdcc4599ce94d71e046dde7143b536120bf4c82faccf1314abe49a623c17
data/ImputedPopulationsC2/C2.254_Imputed.csv,1394486,19c46c3dc63e461f5413518e5d264f3dfc4dbaedb21e293a025b328fcdc0b0bd
data/ImputedPopulationsC2/C2.255_Imputed.csv,1385748,8440dcffa94aedd801f90721e2654c6f8a7fd1712b3dd316bcd299777478d596
data/ImputedPopulationsC2/C2.256_Imputed.csv,1398997,1d12b50bf40d22494585c52d88aa7d56507eab7469af46ee20b01e842732164d
data/ImputedPopulationsC2/C2.257_Imputed.csv,1386155,80e60d902909adba60b922fabec80344a4336869940c264c0c41c74560cafb06
data/ImputedPopulationsC2/C2.258_Imputed.csv,1393604,43adb88971154ab7565736c8ed4ec6d293a87031818b5e979c6eea595520af9a
data/ImputedPopulationsC2/C2.259_Imputed.csv,1395971,75f1867b11e2184e8d9a26cafca93c78c5d5f40fe8ee136f965b676aca187bd2
data/ImputedPopulationsC2/C2.25_Imputed.csv,1328077,39c9298cfc886d4cd98cf0bb5f1adf172606dd27944a0a6c168690bcb9dfa47e
data/ImputedPopulationsC2/C2.260_Imputed.csv,1381562,1a79c4f3f34f9f481e8e251e7a67b48f78ad190351270671d609e8e8d027be4f
data/ImputedPopulationsC2/C2.261_Imputed.csv,1375903,f692bb86ed3dfdb2e6053d9ad6a9b758225675e0d17b0029a229e17f6fe4413f
data/ImputedPopulationsC2/C2.262_Imputed.csv,1373788,8bca84e090b0292fd621fbf9d773454e8bd624ba1c6e0cdef6e2f0aa9092ce20
data/ImputedPopulationsC2/C2.263_Imputed.csv,1378111,3e3ad10c0eccc9caa8257d30c04491666463986a3629f2cb77dac48785235e3e
data/ImputedPopulationsC2/C2.264_Imputed.csv,1385184,dd45dea4e966188fb50e04210960d66f47579449568b5ef8538645b62a56681a
data/ImputedPopulationsC2/C2.265_Imputed.csv,1373175,40af3229a296721d5cb0928463989a19085dbe775516e75cd8eb75609aa4808c
data/ImputedPopulationsC2/C2.266_Imputed.csv,1378117,cf10982c35b582c23c3d8d9b0e70669cd0efbc26529c8ebccdb72ae6f3eaadbe
data/ImputedPopulationsC2/C2.267_Imputed.csv,1295229,135d628dadaf69c44d3256050aa5c120fd09ad6384b799812ad993967de41b9b
data/ImputedPopulationsC2/C2.268_Imputed.csv,1389872,7cadd7bb8f39fc160c69f00e527bdecc5651b0056ef659b9acfb89c35dbcdd28
data/ImputedPopulationsC2/C2.269_Imputed.csv,1343917,7a1c39ee8625a979f42606427a1df19181defaee7a5c975974ca4b8e2a1ea048
data/ImputedPopulationsC2/C2.26_Imputed.csv,1316157,885adaf4d17e59b43ed1b4da1c0f65e9f445c8aaac5a21cf5b7c452754758188
data/ImputedPopulationsC2/C2.270_Imputed.csv,1367407,1148cd73a93f7259e43eefcec23f8b804efbbb6d160c434d5f8890fb49937b42
data/ImputedPopulationsC2/C2.271_Imputed.csv,1324880,10dd3004580be780b8b44f3f95f16422d8564ca160b99c976041aa7878c7d9df
data/ImputedPopulationsC2/C2.272_Imputed.csv,1346955,04c221fb8ce8f9efdc42f9d978d925ecffda9e9fd72c9907aa4371587dce34aa
data/ImputedPopulationsC2/C2.273_Imputed.csv,1373779,57d58988f173733f13241513adadb9a803d3870ee7b177bc0bf108716e86b4e4
data/ImputedPopulationsC2/C2.274_Imputed.csv,1379900,2c0bd20a49cf86ae915d4f35dab15f11f2b62a6cbbfd9a9c8b2c37ad0dd66236
data/ImputedPopulationsC2/C2.275_Imputed.csv,1377167,653073685cb7a5b04e838e59e6d5cb36ebd63cf90cacd723218066e26c4bf166
data/ImputedPopulationsC2/C2.276_Imputed.csv,1380730,cd0c3382a63991f7fe2cda74f4e0ef4ae94ca5deb9c6f041760ffa8ee5869b22
data/ImputedPopulationsC2/C2.277_Imputed.csv,1393584,86499720922faeedb893f9b218c3a7e155ab8638fb73e440bdaf99449e70a8b0
data/ImputedPopulationsC2/C2.278_Imputed.csv,1375260,35c0165bd8a962ea915ce57693de7e48ae94a6a9485c53272c15695447083c2b
data/ImputedPopulationsC2/C2.279_Imputed.csv,1359116,01fed2f1746a126aea1992a2a90e871312d53b78c728608b9649b828cda14d0a
data/ImputedPopulationsC2/C2.27_Imputed.csv,1277358,1de8bc19c89fe5a65b847de1a7f1e75ca268041f7e8a6aa1a5bc3c5bbe48026e
data/ImputedPopulationsC2/C2.280_Imputed.csv,1366517,ad9a185222db99edfc9114fd5998434b8be8f5e5f5e0092791f6c459f853790e
data/ImputedPopulationsC2/C2.281_Imputed.csv,1276063,579e9e5b117f710ddc2639c737e417d20560438c485236dc73017a2dcf178878
data/ImputedPopulationsC2/C2.282_Imputed.csv,1375516,359c602f693a90f02ba7a70b857e1c5b7553e621517e317c45d49e6ab9db5bc7
data/ImputedPopulationsC2/C2.283_Imputed.csv,1390285,55dfdf623987dc2146a9c3f4c1cff1a6a2e3aa85115642f5fa42d2b6290b5421
data/ImputedPopulationsC2/C2.284_Imputed.csv,1384608,f7649122690dcfa74d816a6bea16ca7fe42b8328c845048f2923a5e35c4713c5
data/ImputedPopulationsC2/C2.285_Imputed.csv,1300430,439ca800d6e99ea5e310a227102d8c5b65e9476779e8d10939b4effb7c22474a
data/ImputedPopulationsC2/C2.286_Imputed.csv,1337419,2bb0e3cf23a49269831973a21dff41c872a7e41239328e278af080961b5cac17
data/ImputedPopulationsC2/C2.287_Imputed.csv,1336552,53c30ce2f39e187d40a1b983c884e5cf085bfa97da5b3b6828462c14a35f3630
data/ImputedPopulationsC2/C2.288_Imputed.csv,1350495,ee934288192269426d5e8616dde2b0710c5fe01de1a162d7d01f409c890e9b4e
data/ImputedPopulationsC2/C2.289_Imputed.csv,1358953,65fc4b13d4c03d8f58d4fe55b130921e105b8c3817843690c04b8bc9195f04bc
data/ImputedPopulationsC2/C2.28_Imputed.csv,1274631,d17c3891fb8cacc95508a54ee56decca11a47921da122a1105b5a3b56730f6db
data/ImputedPopulationsC2/C2.290_Imputed.csv,1348250,b9c58bbe5b7f39a35d555b331bddd9c081215c218469a7090b70688087eaf4fd
data/ImputedPopulationsC2/C2.291_Imputed.csv,1211257,3f00f06771433e10da0d6f6bbb86618692b300a466a4028d944a88f42f63ff4c
data/ImputedPopulationsC2/C2.292_Imputed.csv,1371217,1042d2399c6aa4a0fa2c4cdce36e549f1cbdb8f88aaebe0c8a0dd6a8efa52453
data/ImputedPopulationsC2/C2.293_Imputed.csv,1392411,b00486020e5e966392c6cee34378a655111f221b46755334171160d41e352390
data/ImputedPopulationsC2/C2.294_Imputed.csv,1339032,641651979590afbd693b8cc952fe4a8bd6043b7bbd2ae1d02596f98bea2bddff
data/ImputedPopulationsC2/C2.295_Imputed.csv,1398922,4893271781eb2b0287c7ef8d62658a66c2bbaa7f010905f737902c934c9ce498
data/ImputedPopulationsC2/C2.296_Imputed.csv,1378022,654d0baec7e9c78b50c0d65f49bf3df59207d3fc370a95fc6835691363bfea42
data/ImputedPopulationsC2/C2.297_Imputed.csv,1366620,525a238d4360b0d1bb8c4b050289d3654f01451709384822ef560c16b23efc13
data/ImputedPopulationsC2/C2.298_Imputed.csv,1358464,e486940acae3e9b86db407aff486e9bdb4ad6a95a0378aafae1ea1caa08647b7
data/ImputedPopulationsC2/C2.299_Imputed.csv,1366548,4ee3d29cd60916444fd3648a577682a91d3b423727299b3e1e641ba73916d229
data/ImputedPopulationsC2/C2.29_Imputed.csv,1278872,a4f57b3f372d8055822524f1fcacd1ce602022b1837ea4b932bdeed4c1e11359
data/ImputedPopulationsC2/C2.2_Imputed.csv,1415565,a7f2bf3bd46830a9832b7e8e1ea658849cc156325a5d43aa176a3004d9875ff3
data/ImputedPopulationsC2/C2.300_Imputed.csv,739434,5360b2ce36e0f5eca9ce1a88199c77a10510ec9ed260b3664a0e360074a8ea29
data/ImputedPopulationsC2/C2.301_Imputed.csv,732388,a8a36f8f6b4bb669a2b65571c229d8fd492c93a836714f75a392a1b3f3bcb7b9
data/ImputedPopulationsC2/C2.302_Imputed.csv,731739,eb5fa6593fc3994bfd06b05f847c1de9c8ae41e112833dbd06870e3977430172
data/ImputedPopulationsC2/C2.303_Imputed.csv,1210253,13ffdfa021a023b5c0eb7d7e1189a94cf97b33364c90f559f54bb31b3aa46d51
data/ImputedPopulationsC2/C2.304_Imputed.csv,1407136,329d2d380ac036b91cadfe119668224098ea1d1820b53ebb153e70f3355a1623
data/ImputedPopulationsC2/C2.305_Imputed.csv,1162773,d3d21310ae4ced844064d7d2f3d35d517be9ea6923bca233b5147afba043ab73
data/ImputedPopulationsC2/C2.306_Imputed.csv,1359919,2e6cae22bc0dd76d368bff494297bfbe3479dde7cdc270bf610cecca4fce16b5
data/ImputedPopulationsC2/C2.307_Imputed.csv,1364521,145868d5508a5b817a69a5fef70535982df6603418a5416d926710b323ca0f85
data/ImputedPopulationsC2/C2.308_Imputed.csv,1345393,1088269025db0f7cb9073b9bc4a8a2e446e364e72b452d2dac70b4c10fe002eb
data/ImputedPopulationsC2/C2.309_Imputed.csv,2671223,03117304e818e58b86b69f4930485a81a54ea4e86d82886c89216f7178806e0b
data/ImputedPopulationsC2/C2.30_Imputed.csv,1321766,6d2ae8ac11c72837f4098aa3417b76f4ec70c1149ebf0519d0cb9fd4ee8fdac0
data/ImputedPopulationsC2/C2.310_Imputed.csv,1366134,75f66583625bfbb6e1746d248904ca0223a57c9660b83ee08d8f8052f6651733
data/ImputedPopulationsC2/C2.311_Imputed.csv,1246667,61dee532626f3b6569cacdf8bf6777854e38540fba0ecd5d4d0765f5c0a28fc3
data/ImputedPopulationsC2/C2.312_Imputed.csv,1270167,1990589f0c11ad11472aea41ac44dbcbc5a7fd342c18f2d1f892e76e84230b00
data/ImputedPopulationsC2/C2.313_Imputed.csv,1290552,cf896855302a9d11262a2567cf930aa23acd5eb512756f6ea531c4d20309bc89
data/ImputedPopulationsC2/C2.314_Imputed.csv,1353845,0ee2ad3f8766fdb9add3c4d5d9709124c17efd1987691db537d043a9609c0493
data/ImputedPopulationsC2/C2.315_Imputed.csv,1307758,54b602b2471f4c9f154ca22aae80da63e776c44d2ddbedfb88a5886413b79676
data/ImputedPopulationsC2/C2.316_Imputed.csv,1215811,c2d6cf02920f256573aede789618f30695381a222586be5c86e957bb67d217eb
data/ImputedPopulationsC2/C2.317_Imputed.csv,1372096,30721d2c489b1a9ceb1a5f7691cec9d5404ba653bfdb658283ce2e356c4e1f6b
data/ImputedPopulationsC2/C2.318_Imputed.csv,1344144,57d6050558d5d4d7c921cf833a95aa283adcb7ad1ab8197c777d2f7345ef7c4c
data/ImputedPopulationsC2/C2.319_Imputed.csv,1202220,baac4da912c14883b4f25d3963de3ca2bee364c7958b7bdbd9c74858ae2cece9
data/ImputedPopulationsC2/C2.31_Imputed.csv,1325969,e9c212a972a4517d448ad750ef69123fb1ee512523485d0324b4a3253abc7b10
data/ImputedPopulationsC2/C2.320_Imputed.csv,1298382,6bc427b5ef771a31d2c4e6ed5c0ec26780ef9d495cc0505849057ae54d4c210e
data/ImputedPopulationsC2/C2.321_Imputed.csv,1307234,1bbd75adb6951e76a8937a136d042c4f05db356c0eb1eda23ee807797c31714f
data/ImputedPopulationsC2/C2.322_Imputed.csv,1378261,3b40bbb787f11fb56ef7904f0f2c16f43365280df8335a248bd3304bbc495a24
data/ImputedPopulationsC2/C2.323_Imputed.csv,1262573,2e07b22307b648573ee2467481adcc9c2ee126d6eee417f2fb8e2771e61ee8e5
data/ImputedPopulationsC2/C2.324_Imputed.csv,1279453,d7ae0eea8420bfeb466be8402ec62b54b78b459973ef360d6f567c3b3b9ba46b
data/ImputedPopulationsC2/C2.325_Imputed.csv,1413411,bafa6bfc507fa7daecb943d6e2a8164e5885e1df71b488934103a5cfdffbe758
data/ImputedPopulationsC2/C2.326_Imputed.csv,1400610,857e145f511440b4bd41506f76d23398d47e14d171ac74eb61a8ba2c856b01be
data/ImputedPopulationsC2/C2.327_Imputed.csv,1391725,7c650b7210393b5742c554122314cf3a70f39be76b436f9949bcb0a9867827f0
data/ImputedPopulationsC2/C2.328_Imputed.csv,1361893,22764eab3dd2695a0904f576e9bcb80d6b29547bcf278e0846e1acd801d223be
data/ImputedPopulationsC2/C2.329_Imputed.csv,1404667,9cf61617f1277ccd948043e8bd4c22279fdd03f80a4d0ca18b24246f94c68c02
data/ImputedPopulationsC2/C2.32_Imputed.csv,1417624,12224c803664f60e68ab47567b33d7c269582eba8ae79ddaf240469d433ec163
data/ImputedPopulationsC2/C2.330_Imputed.csv,1390769,c2783cf8b0e00eb661da0ac26b916059af605c5975a51eb8ed3c5c3deeda586c
data/ImputedPopulationsC2/C2.331_Imputed.csv,1384901,c7b7b57f2e8a4dc2153d7db2544b553f499eef944d616e2ce69631de447a5a57
data/ImputedPopulationsC2/C2.332_Imputed.csv,1387540,43117f735f8754861f99dea5930fea83478906af0be1b5bca749c4811eabd4eb
data/ImputedPopulationsC2/C2.333_Imputed.csv,1388149,43546ded18056f24963cd67b4d681bbdf1e97969a03beff4dd60d1ed438875cc
data/ImputedPopulationsC2/C2.334_Imputed.csv,1411011,01ffd3215fd9fa7e61e4ff68ecc7a0e4721f1d75f6df8565f4769ae7159d00a0
data/ImputedPopulationsC2/C2.335_Imputed.csv,1343428,8ec7297155314b3ee1f3b6c7a781f3059c9373ab21f34a82fc3d0c399b171d8c
data/ImputedPopulationsC2/C2.336_Imputed.csv,1301125,d5e5e96d06beb8a22d0bccc0ab42a69fbf1efdfc79da23218ab7259371e436bc
data/ImputedPopulationsC2/C2.337_Imputed.csv,715507,7757aa36593b91f9e14dee6534cf63889c93252b750bec1156b34c22c9de5da1
data/ImputedPopulationsC2/C2.338_Imputed.csv,714693,594075205066927f6dc90480deac91a534de27b963cebf80ece58f11e20f25ca
data/ImputedPopulationsC2/C2.339_Imputed.csv,1271679,6160b9c48350341eb77b3abdb87278264501381875e01ddbc4c673fa385fb4dd
data/ImputedPopulationsC2/C2.33_Imputed.csv,1423227,d809003ad9e0cae43402f6b2704fb1132e29ac45beb33b3a7d907ac5d7e351b3
data/ImputedPopulationsC2/C2.340_Imputed.csv,1224279,3bf6e6262d53bbc3f360211fae6866d4949ddbb0e8265c22f062f76fba62540e
data/ImputedPopulationsC2/C2.341_Imputed.csv,1384181,154456640c39c8e2972d42642267a8d775ec51be4fa44c535f91f51f8cd0f629
data/ImputedPopulationsC2/C2.342_Imputed.csv,715844,38f3a725f055a339f76cf7ea65e1e4cb2022b19720ffb477dd6e47645038c064
data/ImputedPopulationsC2/C2.343_Imputed.csv,718544,a19692ee7a32205dea230e19111a6a8493cdf766593f2a6290b0bf89c473f107
data/ImputedPopulationsC2/C2.344_Imputed.csv,1259023,827efc0405e3956b94eb71a583f2b872ed6dba527d32996cae6cfbe6f9b70723
data/ImputedPopulationsC2/C2.345_Imputed.csv,1348106,bea75f32714c709b14fb8d1d1fa898b7226a3c85b5ca189d919fc0e6fbf45870
data/ImputedPopulationsC2/C2.346_Imputed.csv,1409260,f76d32e5935016b9c2104d780d2fec387e1b4119aa26d9edf3597f8241132911
data/ImputedPopulationsC2/C2.347_Imputed.csv,1314972,7fd5039c7add15cc8ec7282d10235eb549b80c1278f0084a348f73a766ca1f74
data/ImputedPopulationsC2/C2.348_Imputed.csv,1385186,0be00611c3d33da03ddf176dc9199840dc95bb0fcf111a755f3b07c7c5781f88
data/ImputedPopulationsC2/C2.349_Imputed.csv,1390587,8074b27e34f267248ce1b73f3abbe93f3127ef644550ff5bae18a1d8cc38566a
data/ImputedPopulationsC2/C2.34_Imputed.csv,1432215,584759e4ac286c4bc94320230b730e18a32893a863fe15e748e9802e7247efc5
data/ImputedPopulationsC2/C2.350_Imputed.csv,1405673,8efe7c76281e92b910fc54fd3e7e71749d593354845d1a2a61fdec7057fe12f5
data/ImputedPopulationsC2/C2.351_Imputed.csv,1401748,df09ff279955b7b901db846a2a6c669fd894256e9d3e785b10d342e83fa55b07
data/ImputedPopulationsC2/C2.352_Imputed.csv,1244007,1f6f0155f5b4de95ee5e5d747d70c8094a9f29f15c6493d5139a61c46a4a4437
data/ImputedPopulationsC2/C2.353_Imputed.csv,1366517,0f8094d3aad6751233ddded97cce4fcbaa225052bd4f702272e621b72f16b778
data/ImputedPopulationsC2/C2.354_Imputed.csv,1407752,4fd4e27f723530ae6c9f962fa6c35c294a2fc48b4922f1a852ddcf425c0628f0
data/ImputedPopulationsC2/C2.355_Imputed.csv,1336645,a25a3aa65ef63b6f6285b53e496d563387b76034da3c59b04e5d8b2374dc726d
data/ImputedPopulationsC2/C2.356_Imputed.csv,1392067,94cd98fc37e943e617e9b588ebf814f06408becbdb17123fcbde62f22a06afc3
data/ImputedPopulationsC2/C2.357_Imputed.csv,1375292,460c29bbdb1fb9dce3c36fea325b7f4c24e0edcf261f0c9ae09f92f4f8a35b78
data/ImputedPopulationsC2/C2.358_Imputed.csv,1138256,690e1c04eae9f6f50d487e70cfff4dd953b3c85c916c9b73706e1d570d50a0a3
data/ImputedPopulationsC2/C2.359_Imputed.csv,1110878,9dc15a177b75c08177943a8fa5ceb5a6a13fa8eb84e987d964ee3b813f3a3604
data/ImputedPopulationsC2/C2.35_Imputed.csv,1413329,e64f4b744956dcd645050303b42c6566a941057c049a7965697e13a6283bdac2
data/ImputedPopulationsC2/C2.360_Imputed.csv,1374345,9bca1a7c996e747f4a65711d8b5f8863ac3621467e192f42d2b9a9f64c128a7d
data/ImputedPopulationsC2/C2.361_Imputed.csv,1366517,0f8094d3aad6751233ddded97cce4fcbaa225052bd4f702272e621b72f16b778
data/ImputedPopulationsC2/C2.362_Imputed.csv,1409881,2656b5c72e716c6534c1cd4687f69c116b2d0e192888ba04d3f21ca1914145bd
data/ImputedPopulationsC2/C2.363_Imputed.csv,1328734,661f65bbedf51fba4c13d20a77c2c7b0e72a254f401153ae8a2c64933c8b7e5c
data/ImputedPopulationsC2/C2.364_Imputed.csv,394463,35ed186710d4f939e18411c56866ea9df3d9f9871857464341412e91fc71e0b9
data/ImputedPopulationsC2/C2.365_Imputed.csv,355790,0ed59046e3f20ff8756ecc0b2888547c6e781462c75af0e3b44dcaa222282c4e
data/ImputedPopulationsC2/C2.366_Imputed.csv,1312115,e5607d71dfc3d5a899932fc351a2aae9bbb72ea9f4e1068289194bb262bac775
data/ImputedPopulationsC2/C2.367_Imputed.csv,481668,9a9bbfc86e52a338481fca3d082eaca91e70b81ac041439b836aa16677a94928
data/ImputedPopulationsC2/C2.368_Imputed.csv,1085160,c4657a63e6cc57a096be9918e6b6216fc384972fe0041f1731b747175b79e04d
data/ImputedPopulationsC2/C2.369_Imputed.csv,349143,a6be3deb3dc215302e3039d7f2ae0f98f297f889807c5750b8e6a38c338dd995
data/ImputedPopulationsC2/C2.36_Imputed.csv,1171894,bcc022e0b0a95a53a032cb6b8f937e38e267412eb384a684eadb09a513a2c099
data/ImputedPopulationsC2/C2.370_Imputed.csv,699414,57ee0b2cd99d4b376a71613d9d5d3f970b7b01eafc9efa948fb6b7723e3a5743
data/ImputedPopulationsC2/C2.371_Imputed.csv,887614,dc195fbc941e532fc4e5e20f48c7cbcc0fcfabf887c70c26162fbc44b3684226
data/ImputedPopulationsC2/C2.372_Imputed.csv,909014,d7f3f47a65966c86ccc66d43e1d21ac45b05eb7e30ec5c586f6fa8eb0de91f49
data/ImputedPopulationsC2/C2.373_Imputed.csv,519561,d13fc5cc15799b907f581a227ba7fa86452283480842e49ed8d59da376779ef9
data/ImputedPopulationsC2/C2.374_Imputed.csv,365254,7757dfe7c91910e5a772d267f3fe8edc4aa85b2e00e74d05239d48ac1e290639
data/ImputedPopulationsC2/C2.375_Imputed.csv,916663,8e26fd59a23f28331e98d435b5c43bb2785f7939875237a6cc39279e8850161f
data/ImputedPopulationsC2/C2.376_Imputed.csv,698670,8483c5d793f9a92462b48f0ef3bb77856f877fc1abb6ed2bed1ccf0ade90ae1e
data/ImputedPopulationsC2/C2.377_Imputed.csv,1858106,f488275237a0807021ce342a20d036edc72926a49a4f0695227ea456b306118f
data/ImputedPopulationsC2/C2.378_Imputed.csv,584325,1c7dbd6bce642c10512ef3acf450af5fb5f9bcb6134e7c3b2ee0bab43405499d
data/ImputedPopulationsC2/C2.379_Imputed.csv,643761,c59cd786157a4d166037e8520991b54c2a73696b329835a500c411f4b5eb757a
data/ImputedPopulationsC2/C2.37_Imputed.csv,1299206,f3f22507cf5ce63ec2694bffae906b73a1dbb2d0e31810ecc838694c9291bafa
data/ImputedPopulationsC2/C2.380_Imputed.csv,963100,dfd2d97db275ea9158541a78faf745c15c759a56839587cecb624891fad0f01c
data/ImputedPopulationsC2/C2.381_Imputed.csv,534898,1d75e16be4a03d63d7f38082c81661f5accca234946fc9f4d4d279e6d3d4e7e0
data/ImputedPopulationsC2/C2.382_Imputed.csv,1070392,0570ac1e920b42343bf73d9737a3775979dc2db487cb5ccdf79762b49efa7c46
data/ImputedPopulationsC2/C2.383_Imputed.csv,1053325,00450498391913c58c01ab5667ad5d6180c0a82c05a2ce658495a8c274a8216c
data/ImputedPopulationsC2/C2.384_Imputed.csv,819736,2035e17013dde204d385522145294f2b49376f96e90aeb8f860b0651d890c9f2
data/ImputedPopulationsC2/C2.385_Imputed.csv,481184,2c3bfa8927e82222c82570034da8aa65f929fddd6e60d12a574acf09beba52f7
data/ImputedPopulationsC2/C2.386_Imputed.csv,383033,2357a1851b6698aa6d8a1acd45349a12b31c3b321103fd3fd33d934c946c56c3
data/ImputedPopulationsC2/C2.387_Imputed.csv,1042158,3c67e900ea738a904a852e9f38e37fd3d9cc32bd762f3be6eda4f8b36da7013f
data/ImputedPopulationsC2/C2.388_Imputed.csv,478510,53dfd719958074afac1ceec4d1b4cb55f5e57e9590b5753b95a0e488d3a6ae95
data/ImputedPopulationsC2/C2.389_Imputed.csv,521792,ad7d4b14c515487f2c5685a43aa6bf84a79954b3f4510a45d59e70f42f131d26
data/ImputedPopulationsC2/C2.38_Imputed.csv,1325296,51db01cd009bfcf4bdbcaa305d701f0060a0c91a18f5faa04f0cacbe05472fc9
data/ImputedPopulationsC2/C2.390_Imputed.csv,480414,ec1ff38a17285dd2951e113b59f82b2b7e34f8dc78a57c8acae5d09efc918c09
data/ImputedPopulationsC2/C2.391_Imputed.csv,616986,c23cb832aeb85c272179d8d205a32d85828a684294d20f52da0629ef1106f9d3
data/ImputedPopulationsC2/C2.392_Imputed.csv,493140,b31f123fa7403ccac2d2f3ae22bb08ca90efcd48de1988e04880b30ffa16272d
data/ImputedPopulationsC2/C2.393_Imputed.csv,656444,2641f9caf1c7fff200a544245d8dd5635032ae609cf67cb2dd4c5eef61415649
data/ImputedPopulationsC2/C2.394_Imputed.csv,642636,b65793369ff6b51e12ad11da9575f3ea8a44f7fc849a073d72ace331e16ce314
data/ImputedPopulationsC2/C2.395_Imputed.csv,706389,23659495f7325c62cd5e99155228571ec04f3bd2ec2c70e63ad1434ab24a7c82
data/ImputedPopulationsC2/C2.396_Imputed.csv,1061258,8ef582ef8f48e01eecd732508daee3574ad89e894d2845e53f2958138dc28a66
data/ImputedPopulationsC2/C2.397_Imputed.csv,574910,b9ecad83e980f85ac9660626230c31d93a5d23c46ff629af815264bd3b484fed
data/ImputedPopulationsC2/C2.398_Imputed.csv,831214,d4e8497b956da3de5454766e2da5eaf18720ed6c592f2d2daf8ee6f724235318
data/ImputedPopulationsC2/C2.399_Imputed.csv,713733,b6045fce50702be1f13d04ce1c1f55d7a2baedc5b6c02e702f33a97993522e72
data/ImputedPopulationsC2/C2.39_Imputed.csv,1313484,30a4705b4b3a86829839219f85d443508cdc060425b74076dd5d8d3430cea31b
data/ImputedPopulationsC2/C2.3_Imputed.csv,1344864,eb68b5e187f96b8c78ea76f7a3e1ea53bd9b4a19c55429d7f9721930214430dd
data/ImputedPopulationsC2/C2.400_Imputed.csv,906622,7443e696f637545c1eeff7ba6c7363623f8f7c0d760790be844b43283e128ccf
data/ImputedPopulationsC2/C2.401_Imputed.csv,689956,421d8d5c6e0f221058fcb119a8c4f00ef62fa3364704d3247f5d73c10c4e0c41
data/ImputedPopulationsC2/C2.402_Imputed.csv,1248972,9f657f5a2bc7c50dc17f37573e2b102ac7d969a3f7680addaff5e6db0d35f04c
data/ImputedPopulationsC2/C2.403_Imputed.csv,1121878,6b0bc966fed36ade675e0d46aad82b75ec4f1ade2d087ef47c05a7eedc7ad070
data/ImputedPopulationsC2/C2.404_Imputed.csv,702913,15b3dbfe627409da5468a2a4dadd54c687380b8cc4f3f11a2ecaabf959f45d93
data/ImputedPopulationsC2/C2.405_Imputed.csv,884543,4cb4bca874620d5a33fa55f2286e6c91ea5134f02a1b0d97ee5e23ff00b4ebb7
data/ImputedPopulationsC2/C2.406_Imputed.csv,624313,0ffde32932150f63fcb3f9e7e31c21cb93290bfa20944778168676447e9c0dab
data/ImputedPopulationsC2/C2.407_Imputed.csv,892141,f4120580a751edabf3291f87087f64b9a22a718c7d3fb932261a213ed36ea845
data/ImputedPopulationsC2/C2.408_Imputed.csv,684388,eaa497ebb25f590196f3d538e468bed07c3dca60aa123684ea231a3910230e7f
data/ImputedPopulationsC2/C2.409_Imputed.csv,523464,f91298c2ae9e24426ef1700dd57e475cee7589545357bd20e545d9e171d7ad8e
data/ImputedPopulationsC2/C2.40_Imputed.csv,1326704,04b3b689174dd6b4344e9024f932a0383bcfa1bc55849479ae50ecd9222e2c22
data/ImputedPopulationsC2/C2.410_Imputed.csv,903172,668ca0267e678ee72f12f3c86f8924e2bab2b2cb4184fa9248842e655124d760
data/ImputedPopulationsC2/C2.411_Imputed.csv,696191,6a428d8eef3f75d1514bc884cd01b90a2651da05197385ac9b317ccbf629b259
data/ImputedPopulationsC2/C2.412_Imputed.csv,1255749,3b040ecf32ef235d9d12abac2f3994aa5037517758944f5b8e8a42ee986cf2a7
data/ImputedPopulationsC2/C2.413_Imputed.csv,617811,b71e93fcf82df093afd0fc52f74df42a8c5a37e3f4356bdcc1f3172857e4e9b5
data/ImputedPopulationsC2/C2.414_Imputed.csv,680893,d79828751b438bb65965c0fb0e989748ba7026b9585ab4ac21831c225d797594
data/ImputedPopulationsC2/C2.415_Imputed.csv,902520,8af65485da0f525ba01f9683f8a7923c93caa376f3f5d83f8b539733b916dd67
data/ImputedPopulationsC2/C2.416_Imputed.csv,707477,8caa38183a607666137c152a73c2d4f74301e6bee8537cb6bc9fb232e9f6ffff
data/ImputedPopulationsC2/C2.417_Imputed.csv,704469,c7dc10b2f5eaa987f986bf7d56cbec57ceb8d2f2cd70ea4c6936d7ae36d2e86c
data/ImputedPopulationsC2/C2.418_Imputed.csv,1140806,7ab0dc42aa6697854c326c79c0222e8a60da23561eaac6da178a1e151b03cab0
data/ImputedPopulationsC2/C2.419_Imputed.csv,564868,b1874e682544c5f1cf84f2e0ab491eec5c7dfe28e1578906dd5ecc6db0626bea
data/ImputedPopulationsC2/C2.41_Imputed.csv,1310067,ff4b79d8c34e5582a54bc89bed00a90d231dfedd047d63d1ea9b842f64534850
data/ImputedPopulationsC2/C2.420_Imputed.csv,649909,d4d06dc0e4596638589e84e5c17f88917419ae2bd72cb46dbb8f0659716ab8b9
data/ImputedPopulationsC2/C2.421_Imputed.csv,520161,354b8b25850c0ef56ef72fa742daf9bb7e289e7d23188ff71b900cf53a7f9d2c
data/ImputedPopulationsC2/C2.422_Imputed.csv,704447,2363ac90f8a603149dde60c27384c8bfaf898e20c13afa2cc3159d03d44b4a1d
data/ImputedPopulationsC2/C2.423_Imputed.csv,889822,4a33960abdf9254f10da18dcdb74452d2e8e195dd293bc4ec4fd67d8f3594007
data/ImputedPopulationsC2/C2.424_Imputed.csv,485419,51dbe01ee92a966d1f724e4df55134060124d7bceb0db9bb101e53d98cf9b62e
data/ImputedPopulationsC2/C2.425_Imputed.csv,534142,5c469624de3caea7e2325de16e992c7c86bd6211ff9eb69e794241ee030e1cc7
data/ImputedPopulationsC2/C2.426_Imputed.csv,704019,b1456aef8212d47e2f97b45f13ba0a213292a6aa5fc7550df47166e829c22949
data/ImputedPopulationsC2/C2.427_Imputed.csv,565677,80315fa423820925571eae9b4ad7349c2fc8212c32e4d498e47e7aba9c19db16
data/ImputedPopulationsC2/C2.428_Imputed.csv,1247813,332a43effafc16a4d69f72a562b668b1c0c262fd73aa20a6b91c0a8fd3d256da
data/ImputedPopulationsC2/C2.429_Imputed.csv,1091554,1750e8b26b91aca9a83df795515f39fd6fc99b44bf1587a0b482473f3bb9a0b9
data/ImputedPopulationsC2/C2.42_Imputed.csv,1287533,5d5256ae4428ae1a041ed336e9aff713a970850852068451f310ca444f69f825
data/ImputedPopulationsC2/C2.430_Imputed.csv,1016874,394ef7ead5004a6517cf5fc4a8fc1463fad67797f87d85ed13dea34e733d275d
data/ImputedPopulationsC2/C2.431_Imputed.csv,593628,a289c415fcbcc0d438fbf6274326c4ab758657106998b358af8a02d6066d4824
data/ImputedPopulationsC2/C2.432_Imputed.csv,687927,202f9aac5b39d555006499e3ca8f0203373519d2816a74f4d6aeccafb5baf6cc
data/ImputedPopulationsC2/C2.433_Imputed.csv,523867,af59072250d2339cd86b00b25441869216c744b3301948ab623d58199cc3b5f5
data/ImputedPopulationsC2/C2.434_Imputed.csv,509482,e13cbc03b6ba4d0eef3d5f384f268a398f1027785ff00a200f3cd0461845e650
data/ImputedPopulationsC2/C2.435_Imputed.csv,1266336,4e59592014b65d6d7334080c81837e0304b265e8467e7af860f1427528f0a74c
data/ImputedPopulationsC2/C2.436_Imputed.csv,506671,7ffa33479b74c38e807d274ce41301735923274ae52b3cc66533d78ae17997c5
data/ImputedPopulationsC2/C2.437_Imputed.csv,1031467,00dc93ca0db5176f7129f00ef41ee636021827766385dbbc2bfd1fea71819fc4
data/ImputedPopulationsC2/C2.438_Imputed.csv,881230,c3943208a9a6f44404648ade524301eb3db62f67095f50c89f70b8a236bcdcd1
data/ImputedPopulationsC2/C2.439_Imputed.csv,1137144,c36a8060ad2f9597a0cf722cdbff5e1f032d57c201a18591af317f54751674f2
data/ImputedPopulationsC2/C2.43_Imputed.csv,1177637,78eda3ea99fdcceb682bcdb537592a4f5fe0f561fe466f54ccbaa916d9c0c8f5
data/ImputedPopulationsC2/C2.440_Imputed.csv,928841,392ac2478c32d537d9801a4f83415822b160d834936939bf9fe9d48e8c76b330
data/ImputedPopulationsC2/C2.441_Imputed.csv,1065280,34a57ddf749454cb661879f2d9a02e040e096e8b0ac1264d41ae15101338ccfa
data/ImputedPopulationsC2/C2.442_Imputed.csv,1079841,5d2cc5d19dd07f2ca89f9d94e23863796fab6238e914eed9f445703328c8d79b
data/ImputedPopulationsC2/C2.443_Imputed.csv,871603,759918968f7db865e789cec8b2b53875e14e1cdfe0008d7dd6ffefd015d2e821
data/ImputedPopulationsC2/C2.444_Imputed.csv,1080317,9338a1c9ad53c3c1e44fe08009d52cbab1eef82352b65d656786be1f6c98575b
data/ImputedPopulationsC2/C2.445_Imputed.csv,699995,71717c706f57548fa9e0fd6e0fa9fc391a0488e0d87445714c47e9c8b66ade8e
data/ImputedPopulationsC2/C2.446_Imputed.csv,1103378,c9044df0ec5365e88cdae8ec00d017cd8bd3a406febe13f1bc2cb070aca857dd
data/ImputedPopulationsC2/C2.447_Imputed.csv,1270080,3ac46ae2fd5e33418bfa04ebe9c953bfccc31e4bc5d0a90ddd6f76db9331c7b7
data/ImputedPopulationsC2/C2.448_Imputed.csv,657369,b00916d320c4a2a0ce337ec79c343d2c0aecb2b126f02ccb7fdbc05d75219e34
data/ImputedPopulationsC2/C2.449_Imputed.csv,897472,e5cab0ba643f8721e2de6c4973314d834797469e7c9d41bc4b0bcdcaec5cff6b
data/ImputedPopulationsC2/C2.44_Imputed.csv,1307624,a2124aac5b3fea11acc5b629efa33de91a5cb098df7a9ff4137741b46dd3c4ff
data/ImputedPopulationsC2/C2.450_Imputed.csv,1409052,eb5573820a8c83becbbfd0ee8845f5850b70a91d820d386b7aa388edb44880c5
data/ImputedPopulationsC2/C2.451_Imputed.csv,1294244,d49181811cd8197cf941e3d5cba4eea6eca806bdcfd1df2051353a2137f85b27
data/ImputedPopulationsC2/C2.452_Imputed.csv,1387820,b303df7cc9ac08abdba58965e064c955c71e97f3fbeec8c108cd146e544cccac
data/ImputedPopulationsC2/C2.453_Imputed.csv,468689,e422d0cd45db54ae82d8393ef40b74cc4be26b7ce0ddd741cc0c4da353167b07
data/ImputedPopulationsC2/C2.454_Imputed.csv,1369250,e0c6f7fb454b490f2b1d8bb23847aa2b722d0a9754640e400dc4cbc27db534f0
data/ImputedPopulationsC2/C2.455_Imputed.csv,1257669,29af9caf8a9386921e4146621916b4ec7b3152a9b69ec3ac7b7721ec2755eac8
data/ImputedPopulationsC2/C2.456_Imputed.csv,1377980,7047843edb358e78d7456ff2a0d05cf808331ab3f07d5577f601820c9d4015a9
data/ImputedPopulationsC2/C2.457_Imputed.csv,905023,bbc6cc7353242ab7d54904f5e25060ffad027bb46574c2b428d59c0ea260547d
data/ImputedPopulationsC2/C2.458_Imputed.csv,893585,b598729949081dbd33f25ac0da8a678ff80d7480cf8b18ab88d8bcb60d14ad69
data/ImputedPopulationsC2/C2.459_Imputed.csv,940569,dc969a47a705012ea6ce0c2704dfb0969d5cb2c9a429457b20de51fe069f0991
data/ImputedPopulationsC2/C2.45_Imputed.csv,1308759,6544010a842127509bfe083ebaedf080bbee8e74bab98ba2ba4c5be1c7e57a56
data/ImputedPopulationsC2/C2.460_Imputed.csv,834512,ed724456ba02d80c06cc162d409d7b830a801a2b519af2ac9a1672b59b0d4d38
data/ImputedPopulationsC2/C2.461_Imputed.csv,1018041,cc3c3445158f7cc40f7705b4c8dbfd94bff6bf4ce505aa67e73a1f4a11a7cf30
data/ImputedPopulationsC2/C2.462_Imputed.csv,1251609,4ca364cfe3f89ab5242aeec51970b9487ecbe11cd7bc705a9dfc7b3b894e7b1f
data/ImputedPopulationsC2/C2.463_Imputed.csv,479014,3f2cf09c462c72424931e77945db323a5a9a427064bf93ec4f121a5bd434a4e6
data/ImputedPopulationsC2/C2.464_Imputed.csv,679319,ea7cdbfca5fa751a799d324a098da80a0c0d4fd7c6c94ef5cf1c8271cef5b24c
data/ImputedPopulationsC2/C2.465_Imputed.csv,1072297,85b5fcb52b9b68a337c24b327e9f01c2a792a15ea79e31e7aad8db28d99c28e6
data/ImputedPopulationsC2/C2.466_Imputed.csv,894682,8e37d51b2297c6ccb2be98cb5a27a834e05774fc663f4abd4cdae7a71283cbb5
data/ImputedPopulationsC2/C2.467_Imputed.csv,905560,be25994abd8250181643238ebfd8755ab0e2904c6a9d863663ee6513f71dd7c5
data/ImputedPopulationsC2/C2.468_Imputed.csv,889912,61cd5e3d1d4bd563e4f38c6a23dee679c3521d9e9b6095fae7f7cdfceebe8179
data/ImputedPopulationsC2/C2.469_Imputed.csv,1309446,a8109d11c2ccb7ac51e3ba82ceeeec848e800d78d798bd842a8ed34438bdbb9f
data/ImputedPopulationsC2/C2.46_Imputed.csv,1307254,8616cf9debd556944529cf3e7b04ff6d3cd542a7b4cd0d26ae56a90151913e0c
data/ImputedPopulationsC2/C2.470_Imputed.csv,714086,b87843dd886da2559a4e8d27ce17eeab10e1404e2e9808ea7c52ba9392348dc3
data/ImputedPopulationsC2/C2.471_Imputed.csv,496996,fa33967bce59455789c59091c9d9ca413a128e5c0223d3ff68ff567f2bcdd66f
data/ImputedPopulationsC2/C2.472_Imputed.csv,1413888,1d1d593a70eb0bbe453bd10b0d3ca6743394349f887bb9e474e3c55134768175
data/ImputedPopulationsC2/C2.473_Imputed.csv,702811,9e6075cb7739f7869d7cfdfec6a82d2fca073a171640d867cfb7eb976fa2a85e
data/ImputedPopulationsC2/C2.474_Imputed.csv,273323,3cc857c702915a8dc05be73b3b73ce72af0d004fb82997e14650a083ed0606c9
data/ImputedPopulationsC2/C2.475_Imputed.csv,709064,bd9e08112046d6ce5839955907c3880a994f7015b09106e8b6d037d2c4f28729
data/ImputedPopulationsC2/C2.476_Imputed.csv,702101,6573a3804a2f99fb7dbbec254a4bb7aabb02e247c53590aafccb4239d9b802ec
data/ImputedPopulationsC2/C2.477_Imputed.csv,805107,49e7e1833066043d3c0e3f8e9a8125f29e37e3090dc7b7f17d388d358abf198c
data/ImputedPopulationsC2/C2.478_Imputed.csv,1061049,8087ec7630a441b5b79f3c45aa339fb51d4f25cca35610cd0fdcec429d5a26c6
data/ImputedPopulationsC2/C2.479_Imputed.csv,522975,5e39100c965a93f1ae4b9df3a6f8cfecb8c8189c774556c144cc6adfb93a91f6
data/ImputedPopulationsC2/C2.47_Imputed.csv,1291895,016b18a75f4a81bb2fe227a74c952b5f3cdc0291f5c9f32689c5aa691e307286
data/ImputedPopulationsC2/C2.480_Imputed.csv,701749,3504cc73dd8011f34a98105fe6e4bbd54dc63b320e145bba4636dd54da957830
data/ImputedPopulationsC2/C2.481_Imputed.csv,1402931,82db45fa579dadbf911c975292f198d7fb096e179615c23d104b6692c608f137
data/ImputedPopulationsC2/C2.482_Imputed.csv,427689,d419df1d6852eacc27cf7ad74662b0d11c271ac80d6ccfd42b33a967b2d9c802
data/ImputedPopulationsC2/C2.483_Imputed.csv,905654,13911ffb9c36f91a96b1561658d732f24e4db8cf963fa9c8bf5054acb7064396
data/ImputedPopulationsC2/C2.484_Imputed.csv,1396982,ecef2e18eca3f6c3806e668fd46d031a1774c0d1241ee6032930a30ad646c263
data/ImputedPopulationsC2/C2.485_Imputed.csv,1397903,6c8ef0a9d96b13844f257fdcb864460864c8a79f8b498a01b429ec235f35d8e0
data/ImputedPopulationsC2/C2.486_Imputed.csv,502686,2c206a9b9bb03d7e3dcc0f53d0f27951e2b9e33fbeca578162f2e402be466c95
data/ImputedPopulationsC2/C2.487_Imputed.csv,1068264,424e430940507f3343f46a81615e799eb2e88e718832a32234579e1cb67bdbd1
data/ImputedPopulationsC2/C2.488_Imputed.csv,649215,270f8f68cfddbdb8cec658ba58827b28b9a36f5a95ab6b7f9c63c2a9ad7e42f7
data/ImputedPopulationsC2/C2.489_Imputed.csv,529030,baf18098caff54268f1b7fa946342572116724991c736cf871896b4a5f92e64e
data/ImputedPopulationsC2/C2.48_Imputed.csv,1355450,6f930be061b8f9dd50629a97d722fcc38a8ae3977b2df5f17ded8bae042cd2ee
data/ImputedPopulationsC2/C2.490_Imputed.csv,1138082,51e4f54a859e4c68071284318973282dae27d8811bbfb551d3f7a64ebd4e0df8
data/ImputedPopulationsC2/C2.491_Imputed.csv,1055471,4835fe5a7cb5ca9d9a2f22589e5ec2d4e7062de483de32b9d34a1737a64d53a4
data/ImputedPopulationsC2/C2.492_Imputed.csv,1061394,22568e079434282e9c9533050dd12e9e5f1e4147106aba4ad43776f01f93f962
data/ImputedPopulationsC2/C2.493_Imputed.csv,627724,3112ac8bd5e5c290a17cd8e167035bf547db7ea66799dfa4b713e6c013389f54
data/ImputedPopulationsC2/C2.494_Imputed.csv,558649,78a4b51eeea87a6d9474a69eb19df62f0d014beaf5425cb72693d4d9e73ec6c3
data/ImputedPopulationsC2/C2.495_Imputed.csv,1061157,5a77d14d4ac7ccfc93275b97ce04a6c799cca950f4844f5eb71114da3d2cd865
data/ImputedPopulationsC2/C2.496_Imputed.csv,1195635,7172e455097ad251ab78ea35f66b1755d161e8625d7bdd6f62226c26d1290486
data/ImputedPopulationsC2/C2.497_Imputed.csv,1406414,e8096d3040f68fb531eff94eeab93571fc52e4e22436c945295e9e3ae2d896f5
data/ImputedPopulationsC2/C2.498_Imputed.csv,882086,f3bcc8e182b11357d9e26fc9a9a9172f6e89503007a65287fd0797f863301f2e
data/ImputedPopulationsC2/C2.499_Imputed.csv,701560,a0bf30aab81f81f484990c505cd3c771650709d9212d140a5ffb65fb4152ccf0
data/ImputedPopulationsC2/C2.49_Imputed.csv,964438,61785a63160c15940686b1cedb5d42026117b5e661aa3772f287332350d73ce8
data/ImputedPopulationsC2/C2.4_Imputed.csv,1374080,4ad50e150911797ba96d8f1c1c897aa40f188c7a5d481a30ca8d0b41dd20a114
data/ImputedPopulationsC2/C2.500_Imputed.csv,717077,8d6c419134eebf884d91acbcf8d6af87035019f157e69c52dcbb947d2c29cdd1
data/ImputedPopulationsC2/C2.50_Imputed.csv,1326807,53b1603d925109659210abaf07afd34ed546e63405ec180ffdd4d74bc4ce8924
data/ImputedPopulationsC2/C2.51_Imputed.csv,1207765,96354fcf3922b1e5a6da0b0c2ef7329c4e1ba96eaed098de6e786eb1640aa2e1
data/ImputedPopulationsC2/C2.52_Imputed.csv,1111361,e37519acb129db1973758baacdd31994579a94f128bb552e39b902e15b82b41e
data/ImputedPopulationsC2/C2.53_Imputed.csv,1271872,1ef39b2c2c8d4511d68f31cc49e00e21b496c9cb6a357686f8c462882cd7b313
data/ImputedPopulationsC2/C2.54_Imputed.csv,1411387,9dffe961cdc9b5fb3ae1d72c64af6c5a7d91afdcab353e3b1971fff8c2cd860d
data/ImputedPopulationsC2/C2.55_Imputed.csv,1420701,f85a74b227fd9cda7c9de19bcdbb86f7e4fee29078f52e24255cc3392b83daf6
data/ImputedPopulationsC2/C2.56_Imputed.csv,1396979,1221758ad9a64ff5658197765480b9d08951ffe31bc3b37680e12877ee7d249d
data/ImputedPopulationsC2/C2.57_Imputed.csv,1408056,b0345a0285976890a07dad9f7d4a16d2f0971bb66c03da96ea9dddfb6ad45b61
data/ImputedPopulationsC2/C2.58_Imputed.csv,1349480,2a0c679a7253204195ed541932b6469d6931b61b61bf2659f8420b583109f89b
data/ImputedPopulationsC2/C2.59_Imputed.csv,1205506,92ae7dc44e194c664e2852ceda4bbf19b240c7ebec9404b5aa29ae43e433d91b
data/ImputedPopulationsC2/C2.5_Imputed.csv,1417924,798af0f61e10fee1a9f487c0d20d5c045662b4519cdfe4004e67a02a7ccb3e43
data/ImputedPopulationsC2/C2.60_Imputed.csv,1326511,393ee844fb3670cb46af702cdd52244674e361b2925d4e7fe70fab08d7c1f1f7
data/ImputedPopulationsC2/C2.61_Imputed.csv,1337762,bafe877e81938183ed9cb82f98404f41775a509f198b79f0ca0f11a8de10e005
data/ImputedPopulationsC2/C2.62_Imputed.csv,1366881,5496f06d044ac4488edc525484881d3e2ae4665a8d4dbc45663c57eafa48bd8b
data/ImputedPopulationsC2/C2.63_Imputed.csv,1428521,ec5d068315a83b7b6ad8314df540606f32230636982c08f5f2f51da560213f25
data/ImputedPopulationsC2/C2.64_Imputed.csv,1407698,a84fd6eed950568147e6d0f59dd54d82e87a7c7a78bb7429ed31316ff6940c10
data/ImputedPopulationsC2/C2.65_Imputed.csv,1261910,974c661ad0d3a016bf45fb39b4b37f8aeae500ea5edf90f4f855801aa36b16bc
data/ImputedPopulationsC2/C2.66_Imputed.csv,1337216,d9fbc59a965f49d1b1a30a6b1228b05e73e36ce46ca8d963c9d2f7058fd16671
data/ImputedPopulationsC2/C2.67_Imputed.csv,1430438,93fa9b0cd709ba3a4572046daa9d039c873fdc91e54f3d50b946e60e18cc2165
data/ImputedPopulationsC2/C2.68_Imputed.csv,1244814,9f71dd1fb33b80856b80d803941a539b013a85e7cc801a37b5c6c97187cf3c53
data/ImputedPopulationsC2/C2.69_Imputed.csv,1353505,71d98486f4596618f5a81cbe87bee41c7f4c53e5c155ea65292fd46ccfc68808
data/ImputedPopulationsC2/C2.6_Imputed.csv,1032799,b90ad5318604bef0494834f05919829b6633e6f3f264d3c270a1f16a4005076f
data/ImputedPopulationsC2/C2.70_Imputed.csv,1309217,f31706c0f9ee97903461c134c32e7bdd5bd81457dd71ddc021b270c0872b909e
data/ImputedPopulationsC2/C2.71_Imputed.csv,1380750,ae1f3b55dd7a91ff55d00f196004150aadbf8205f73007c1430aea7bc23e3511
data/ImputedPopulationsC2/C2.72_Imputed.csv,1368582,460544ca7e9d3137996de11596257d5914c9ad10b1d116fc42a3ef4a6928be0f
data/ImputedPopulationsC2/C2.73_Imputed.csv,1366577,f98c3782f9f88fa452cfc322520d7ce4f29bc0dcf507910c10ef75d3e667848d
data/ImputedPopulationsC2/C2.74_Imputed.csv,1361469,b29d2f2abcf6e56223352ca6e5298f29bcb14bdd75f24f43ba86928681f23383
data/ImputedPopulationsC2/C2.75_Imputed.csv,1373708,7d3d840e2cfe2d293deb98f9f1b621c6bf2447303b687b94bb7a041cc790686c
data/ImputedPopulationsC2/C2.76_Imputed.csv,1275015,e5bdbc70469685a6266253a86e2d379c63ec54c8271d72a0cf972fdffafc5f0a
data/ImputedPopulationsC2/C2.77_Imputed.csv,1397460,f808369fcd094510a8fcfcff2c800b48c22e4240c47d753c61d069b8487e76c2
data/ImputedPopulationsC2/C2.78_Imputed.csv,1418405,775b784e70cfdea5995e46e525c5702f76f0223b23a2496879d4286880b4af37
data/ImputedPopulationsC2/C2.79_Imputed.csv,1376624,04eba499d7ef25c7e0f33e029702c9188ac0d83cfc4e6370b950f865f8453b93
data/ImputedPopulationsC2/C2.7_Imputed.csv,1190787,ec2ecd41c79e1712160b10ff9014b1f61c960a7b4349904707e7bb7a9c9c80dd
data/ImputedPopulationsC2/C2.80_Imputed.csv,1395867,47f193b2a890209582258d0a3fcd5765bf34c68905b0d10cbf135ce0631de820
data/ImputedPopulationsC2/C2.81_Imputed.csv,1428502,5489d46860b819334ca5910a785561122a8ff3c51c7678978dc0763a0a5aead2
data/ImputedPopulationsC2/C2.82_Imputed.csv,1040105,81135f8ad1237f0fb25adf913c619232265744d36c2fe681c7b2a8691b82226f
data/ImputedPopulationsC2/C2.83_Imputed.csv,1361616,9f695c8132e1f0fd34e422fc84514fc0cbf6f31c7938bab6b287e80239dd408e
data/ImputedPopulationsC2/C2.84_Imputed.csv,1386956,a2f707dc1cf70e6ae6b56bf5c5ea5f589f578da49d7fe0cc4b5ddeb46ca5ae0f
data/ImputedPopulationsC2/C2.85_Imputed.csv,1361241,55d3a10be634f068c28748212028f5d28e641a9446d618797438751901d62b77
data/ImputedPopulationsC2/C2.86_Imputed.csv,714341,bcc2f8dacb6bf9c75f31ffe5381062082cd983a7f477256f153e44d8f3bbc727
data/ImputedPopulationsC2/C2.87_Imputed.csv,719831,a966aab2091be7a2fa9f2aeb5865c91d10663d7ad6809042d5e7c1bf355df779
data/ImputedPopulationsC2/C2.88_Imputed.csv,722488,8bf626a28a23e5779e7febf919d406ed9e0f345d0541f95b02b122f7f5e58ba7
data/ImputedPopulationsC2/C2.89_Imputed.csv,719017,a624e149766299d60734d72fcf4deb2b85860797dea230211b1eb74138d1cd4c
data/ImputedPopulationsC2/C2.8_Imputed.csv,1283599,2baeb186f6dddafffc752dfe1262f836f8433ff06c6531f0122c2c3c07802662
data/ImputedPopulationsC2/C2.90_Imputed.csv,716525,4bb0cd71868883c4dcd4273141091b7f6c570993d92a6cb8676902bc4a7fd009
data/ImputedPopulationsC2/C2.91_Imputed.csv,1369669,70361760ecb67f64e1afad28d578faa635a1fcfc5e779ccf9c103d615f782982
data/ImputedPopulationsC2/C2.92_Imputed.csv,1375993,568eb88455fe50ab9bf0797d0e4679d3d02974185db31f2697cb83316b0ec828
data/ImputedPopulationsC2/C2.93_Imputed.csv,1360702,4d78149e364894511555e9f657f22737f1143737f42177d6f942827d795d71f3
data/ImputedPopulationsC2/C2.94_Imputed.csv,1328843,1af826e3b5e70ce523af20d904058f2630c84b55469e41801fa17a620346fa28
data/ImputedPopulationsC2/C2.95_Imputed.csv,1397616,7f2a6dcbeddb747a08c2806bfd6e9614feabbbadbedcd1dfc81bf8b3f626354e
data/ImputedPopulationsC2/C2.96_Imputed.csv,1410478,77c5583b7ec3e864f65bc704c6cc8ed90ff86ed4dfc1848e11285ae43492453a
data/ImputedPopulationsC2/C2.97_Imputed.csv,1357938,7b637515619313e61b026fa2709df2ceadec44a302a97260f39a9274bfe2484f
data/ImputedPopulationsC2/C2.98_Imputed.csv,1414232,92d7bff7dfe545b909ef3a6a7b0b806452ae05c0c19def848f095dc3668bc2ad
data/ImputedPopulationsC2/C2.99_Imputed.csv,1418420,c1dae41973fc94f30671ec17a678aa7902bfab3c10f42db779b99e74fbd66e34
data/ImputedPopulationsC2/C2.9_Imputed.csv,1137668,c50b783627c23faefc2fc6071fdf4a8626289b49b09dfa270a3b6850cf848c14
data/environmental_features.csv,717664,753a172e6ce2ddcb96cc3089e223335b8f21c88d5b7c74c843190b0a2993fb3e
